Name,HighValue,Description,AdminCount
14-TUMEGUSTA-ADMINGROUP1@DOAZLAB.COM,False,User Group Created by Badblood github.com/davidprowe/badblood,False
23-06C-ADMINGROUP1@DOAZLAB.COM,False,User Group Created by Badblood github.com/davidprowe/badblood,False
23-PAC-ADMINGROUP1@DOAZLAB.COM,False,User Group Created by Badblood github.com/davidprowe/badblood,False
32-646-ADMINGROUP1@DOAZLAB.COM,False,User Group Created by Badblood github.com/davidprowe/badblood,False
41-GORSEFIEL-ADMINGROUP1@DOAZLAB.COM,False,User Group Created by Badblood github.com/davidprowe/badblood,False
78-OMERITOES-ADMINGROUP1@DOAZLAB.COM,False,User Group Created by Badblood github.com/davidprowe/badblood,False
AD-HURRICANE-ADMINGROUP1@DOAZLAB.COM,False,User Group Created by Badblood github.com/davidprowe/badblood,False
ADMINISTRATORS@DOAZLAB.COM,True,Administrators have complete and unrestricted access to the computer/domain,True
AL-GARAVITOT-ADMINGROUP1@DOAZLAB.COM,False,User Group Created by Badblood github.com/davidprowe/badblood,False
AL-MAR-ADMINGROUP1@DOAZLAB.COM,False,User Group Created by Badblood github.com/davidprowe/badblood,False
AR-BEC-ADMINGROUP1@DOAZLAB.COM,False,User Group Created by Badblood github.com/davidprowe/badblood,False
BA-137-ADMINGROUP1@DOAZLAB.COM,False,User Group Created by Badblood github.com/davidprowe/badblood,False
BE-BBC193272-ADMINGROUP1@DOAZLAB.COM,False,User Group Created by Badblood github.com/davidprowe/badblood,False
BR-CHU-ADMINGROUP1@DOAZLAB.COM,False,User Group Created by Badblood github.com/davidprowe/badblood,False
BR-SUPERMANN-ADMINGROUP1@DOAZLAB.COM,False,User Group Created by Badblood github.com/davidprowe/badblood,False
CA-PIR-ADMINGROUP1@DOAZLAB.COM,False,User Group Created by Badblood github.com/davidprowe/badblood,False
CE-PALLMALL4-ADMINGROUP1@DOAZLAB.COM,False,User Group Created by Badblood github.com/davidprowe/badblood,False
CI-LVJ-ADMINGROUP1@DOAZLAB.COM,False,User Group Created by Badblood github.com/davidprowe/badblood,False
CO-251446369-ADMINGROUP1@DOAZLAB.COM,False,User Group Created by Badblood github.com/davidprowe/badblood,False
DE-ULISES870-ADMINGROUP1@DOAZLAB.COM,False,User Group Created by Badblood github.com/davidprowe/badblood,False
DNSADMINS@DOAZLAB.COM,False,DNS Administrators Group,False
DO-VICTORDAN-ADMINGROUP1@DOAZLAB.COM,False,User Group Created by Badblood github.com/davidprowe/badblood,False
DOMAIN ADMINS@DOAZLAB.COM,True,Designated administrators of the domain,True
DW-CHI-ADMINGROUP1@DOAZLAB.COM,False,User Group Created by Badblood github.com/davidprowe/badblood,False
EA-NESKA1050-ADMINGROUP1@DOAZLAB.COM,False,User Group Created by Badblood github.com/davidprowe/badblood,False
ED-MICOPITO2-ADMINGROUP1@DOAZLAB.COM,False,User Group Created by Badblood github.com/davidprowe/badblood,False
EL-27OCTUBRE-ADMINGROUP1@DOAZLAB.COM,False,User Group Created by Badblood github.com/davidprowe/badblood,False
EL-DIERAUEER-ADMINGROUP1@DOAZLAB.COM,False,User Group Created by Badblood github.com/davidprowe/badblood,False
ENTERPRISE ADMINS@DOAZLAB.COM,True,Designated administrators of the enterprise,True
ENTERPRISE KEY ADMINS@DOAZLAB.COM,False,Members of this group can perform administrative actions on key objects within the forest.,True
ER-FRANCISCO-ADMINGROUP1@DOAZLAB.COM,False,User Group Created by Badblood github.com/davidprowe/badblood,False
ER-IRONMAIDE-ADMINGROUP1@DOAZLAB.COM,False,User Group Created by Badblood github.com/davidprowe/badblood,False
GA-290-ADMINGROUP1@DOAZLAB.COM,False,User Group Created by Badblood github.com/davidprowe/badblood,False
GE-BLYLRTKM1-ADMINGROUP1@DOAZLAB.COM,False,User Group Created by Badblood github.com/davidprowe/badblood,False
GI-GET-ADMINGROUP1@DOAZLAB.COM,False,User Group Created by Badblood github.com/davidprowe/badblood,False
GR-CAM-ADMINGROUP1@DOAZLAB.COM,False,User Group Created by Badblood github.com/davidprowe/badblood,False
HE-TWO-ADMINGROUP1@DOAZLAB.COM,False,User Group Created by Badblood github.com/davidprowe/badblood,False
HYPER-V ADMINISTRATORS@DOAZLAB.COM,False,Members of this group have complete and unrestricted access to all features of Hyper-V.,False
JA-CON-ADMINGROUP1@DOAZLAB.COM,False,User Group Created by Badblood github.com/davidprowe/badblood,False
JA-DICIEMBRE-ADMINGROUP1@DOAZLAB.COM,False,User Group Created by Badblood github.com/davidprowe/badblood,False
JA-GIRLANI12-ADMINGROUP1@DOAZLAB.COM,False,User Group Created by Badblood github.com/davidprowe/badblood,False
JA-SOPORAETE-ADMINGROUP1@DOAZLAB.COM,False,User Group Created by Badblood github.com/davidprowe/badblood,False
JA-TCH-ADMINGROUP1@DOAZLAB.COM,False,User Group Created by Badblood github.com/davidprowe/badblood,False
JA-TOMGER196-ADMINGROUP1@DOAZLAB.COM,False,User Group Created by Badblood github.com/davidprowe/badblood,False
KA-MEL-ADMINGROUP1@DOAZLAB.COM,False,User Group Created by Badblood github.com/davidprowe/badblood,False
KEY ADMINS@DOAZLAB.COM,False,Members of this group can perform administrative actions on key objects within the domain.,True
LA-333-ADMINGROUP1@DOAZLAB.COM,False,User Group Created by Badblood github.com/davidprowe/badblood,False
LA-FLOR1DIA1-ADMINGROUP1@DOAZLAB.COM,False,User Group Created by Badblood github.com/davidprowe/badblood,False
LA-LOU-ADMINGROUP1@DOAZLAB.COM,False,User Group Created by Badblood github.com/davidprowe/badblood,False
LI-GRANADA23-ADMINGROUP1@DOAZLAB.COM,False,User Group Created by Badblood github.com/davidprowe/badblood,False
LI-SCR-ADMINGROUP1@DOAZLAB.COM,False,User Group Created by Badblood github.com/davidprowe/badblood,False
LO-146-ADMINGROUP1@DOAZLAB.COM,False,User Group Created by Badblood github.com/davidprowe/badblood,False
LO-DERLIS120-ADMINGROUP1@DOAZLAB.COM,False,User Group Created by Badblood github.com/davidprowe/badblood,False
LO-PETERGARO-ADMINGROUP1@DOAZLAB.COM,False,User Group Created by Badblood github.com/davidprowe/badblood,False
LO-WILLIS140-ADMINGROUP1@DOAZLAB.COM,False,User Group Created by Badblood github.com/davidprowe/badblood,False
MA-101-ADMINGROUP1@DOAZLAB.COM,False,User Group Created by Badblood github.com/davidprowe/badblood,False
MA-ART-ADMINGROUP1@DOAZLAB.COM,False,User Group Created by Badblood github.com/davidprowe/badblood,False
MA-CHO-ADMINGROUP1@DOAZLAB.COM,False,User Group Created by Badblood github.com/davidprowe/badblood,False
MA-MAT-ADMINGROUP1@DOAZLAB.COM,False,User Group Created by Badblood github.com/davidprowe/badblood,False
MI-BAN-ADMINGROUP1@DOAZLAB.COM,False,User Group Created by Badblood github.com/davidprowe/badblood,False
MY-BEL-ADMINGROUP1@DOAZLAB.COM,False,User Group Created by Badblood github.com/davidprowe/badblood,False
NX-DANIELASE-ADMINGROUP1@DOAZLAB.COM,False,User Group Created by Badblood github.com/davidprowe/badblood,False
PA-CHE-ADMINGROUP1@DOAZLAB.COM,False,User Group Created by Badblood github.com/davidprowe/badblood,False
PA-JULIOCESA-ADMINGROUP1@DOAZLAB.COM,False,User Group Created by Badblood github.com/davidprowe/badblood,False
RA-VEROYC120-ADMINGROUP1@DOAZLAB.COM,False,User Group Created by Badblood github.com/davidprowe/badblood,False
RE-FOC-ADMINGROUP1@DOAZLAB.COM,False,User Group Created by Badblood github.com/davidprowe/badblood,False
RI-210-ADMINGROUP1@DOAZLAB.COM,False,User Group Created by Badblood github.com/davidprowe/badblood,False
RI-HEP-ADMINGROUP1@DOAZLAB.COM,False,User Group Created by Badblood github.com/davidprowe/badblood,False
SCHEMA ADMINS@DOAZLAB.COM,False,Designated administrators of the schema,True
ST-COUCOUCOU-ADMINGROUP1@DOAZLAB.COM,False,User Group Created by Badblood github.com/davidprowe/badblood,False
STORAGE REPLICA ADMINISTRATORS@DOAZLAB.COM,False,Members of this group have complete and unrestricted access to all features of Storage Replica.,False
TR-130-ADMINGROUP1@DOAZLAB.COM,False,User Group Created by Badblood github.com/davidprowe/badblood,False
TR-ARI-ADMINGROUP1@DOAZLAB.COM,False,User Group Created by Badblood github.com/davidprowe/badblood,False
WE-SISALABEL-ADMINGROUP1@DOAZLAB.COM,False,User Group Created by Badblood github.com/davidprowe/badblood,False
