Group,Description,Members
ER-FRANCISCO-ADMINGROUP1@DOAZLAB.COM,User Group Created by Badblood github.com/davidprowe/badblood,18
RE-FOC-ADMINGROUP1@DOAZLAB.COM,User Group Created by Badblood github.com/davidprowe/badblood,18
DW-CHI-ADMINGROUP1@DOAZLAB.COM,User Group Created by Badblood github.com/davidprowe/badblood,17
HE-TWO-ADMINGROUP1@DOAZLAB.COM,User Group Created by Badblood github.com/davidprowe/badblood,17
41-GORSEFIEL-ADMINGROUP1@DOAZLAB.COM,User Group Created by Badblood github.com/davidprowe/badblood,17
GE-BLYLRTKM1-ADMINGROUP1@DOAZLAB.COM,User Group Created by Badblood github.com/davidprowe/badblood,16
JA-SOPORAETE-ADMINGROUP1@DOAZLAB.COM,User Group Created by Badblood github.com/davidprowe/badblood,16
ST-COUCOUCOU-ADMINGROUP1@DOAZLAB.COM,User Group Created by Badblood github.com/davidprowe/badblood,15
78-OMERITOES-ADMINGROUP1@DOAZLAB.COM,User Group Created by Badblood github.com/davidprowe/badblood,15
TR-ARI-ADMINGROUP1@DOAZLAB.COM,User Group Created by Badblood github.com/davidprowe/badblood,14
TR-130-ADMINGROUP1@DOAZLAB.COM,User Group Created by Badblood github.com/davidprowe/badblood,13
MI-BAN-ADMINGROUP1@DOAZLAB.COM,User Group Created by Badblood github.com/davidprowe/badblood,13
JA-GIRLANI12-ADMINGROUP1@DOAZLAB.COM,User Group Created by Badblood github.com/davidprowe/badblood,13
CE-PALLMALL4-ADMINGROUP1@DOAZLAB.COM,User Group Created by Badblood github.com/davidprowe/badblood,13
NX-DANIELASE-ADMINGROUP1@DOAZLAB.COM,User Group Created by Badblood github.com/davidprowe/badblood,13
AL-GARAVITOT-ADMINGROUP1@DOAZLAB.COM,User Group Created by Badblood github.com/davidprowe/badblood,13
LO-WILLIS140-ADMINGROUP1@DOAZLAB.COM,User Group Created by Badblood github.com/davidprowe/badblood,13
LA-LOU-ADMINGROUP1@DOAZLAB.COM,User Group Created by Badblood github.com/davidprowe/badblood,12
LI-SCR-ADMINGROUP1@DOAZLAB.COM,User Group Created by Badblood github.com/davidprowe/badblood,12
32-646-ADMINGROUP1@DOAZLAB.COM,User Group Created by Badblood github.com/davidprowe/badblood,12
MY-BEL-ADMINGROUP1@DOAZLAB.COM,User Group Created by Badblood github.com/davidprowe/badblood,12
PA-CHE-ADMINGROUP1@DOAZLAB.COM,User Group Created by Badblood github.com/davidprowe/badblood,12
LO-146-ADMINGROUP1@DOAZLAB.COM,User Group Created by Badblood github.com/davidprowe/badblood,12
MA-CHO-ADMINGROUP1@DOAZLAB.COM,User Group Created by Badblood github.com/davidprowe/badblood,12
ED-MICOPITO2-ADMINGROUP1@DOAZLAB.COM,User Group Created by Badblood github.com/davidprowe/badblood,11
JA-TCH-ADMINGROUP1@DOAZLAB.COM,User Group Created by Badblood github.com/davidprowe/badblood,11
JA-DICIEMBRE-ADMINGROUP1@DOAZLAB.COM,User Group Created by Badblood github.com/davidprowe/badblood,11
AL-MAR-ADMINGROUP1@DOAZLAB.COM,User Group Created by Badblood github.com/davidprowe/badblood,11
WE-SISALABEL-ADMINGROUP1@DOAZLAB.COM,User Group Created by Badblood github.com/davidprowe/badblood,11
GI-GET-ADMINGROUP1@DOAZLAB.COM,User Group Created by Badblood github.com/davidprowe/badblood,10
LA-FLOR1DIA1-ADMINGROUP1@DOAZLAB.COM,User Group Created by Badblood github.com/davidprowe/badblood,10
BA-137-ADMINGROUP1@DOAZLAB.COM,User Group Created by Badblood github.com/davidprowe/badblood,10
CI-LVJ-ADMINGROUP1@DOAZLAB.COM,User Group Created by Badblood github.com/davidprowe/badblood,10
PA-JULIOCESA-ADMINGROUP1@DOAZLAB.COM,User Group Created by Badblood github.com/davidprowe/badblood,10
AR-BEC-ADMINGROUP1@DOAZLAB.COM,User Group Created by Badblood github.com/davidprowe/badblood,10
BR-CHU-ADMINGROUP1@DOAZLAB.COM,User Group Created by Badblood github.com/davidprowe/badblood,10
EA-NESKA1050-ADMINGROUP1@DOAZLAB.COM,User Group Created by Badblood github.com/davidprowe/badblood,10
JA-TOMGER196-ADMINGROUP1@DOAZLAB.COM,User Group Created by Badblood github.com/davidprowe/badblood,9
BR-SUPERMANN-ADMINGROUP1@DOAZLAB.COM,User Group Created by Badblood github.com/davidprowe/badblood,9
LO-PETERGARO-ADMINGROUP1@DOAZLAB.COM,User Group Created by Badblood github.com/davidprowe/badblood,9
ER-IRONMAIDE-ADMINGROUP1@DOAZLAB.COM,User Group Created by Badblood github.com/davidprowe/badblood,9
EL-DIERAUEER-ADMINGROUP1@DOAZLAB.COM,User Group Created by Badblood github.com/davidprowe/badblood,9
MA-MAT-ADMINGROUP1@DOAZLAB.COM,User Group Created by Badblood github.com/davidprowe/badblood,9
14-TUMEGUSTA-ADMINGROUP1@DOAZLAB.COM,User Group Created by Badblood github.com/davidprowe/badblood,9
DOMAIN ADMINS@DOAZLAB.COM,Designated administrators of the domain,8
CA-PIR-ADMINGROUP1@DOAZLAB.COM,User Group Created by Badblood github.com/davidprowe/badblood,8
RI-HEP-ADMINGROUP1@DOAZLAB.COM,User Group Created by Badblood github.com/davidprowe/badblood,8
MA-ART-ADMINGROUP1@DOAZLAB.COM,User Group Created by Badblood github.com/davidprowe/badblood,8
KA-MEL-ADMINGROUP1@DOAZLAB.COM,User Group Created by Badblood github.com/davidprowe/badblood,8
23-06C-ADMINGROUP1@DOAZLAB.COM,User Group Created by Badblood github.com/davidprowe/badblood,8
BE-BBC193272-ADMINGROUP1@DOAZLAB.COM,User Group Created by Badblood github.com/davidprowe/badblood,8
MA-101-ADMINGROUP1@DOAZLAB.COM,User Group Created by Badblood github.com/davidprowe/badblood,8
LO-DERLIS120-ADMINGROUP1@DOAZLAB.COM,User Group Created by Badblood github.com/davidprowe/badblood,8
AD-HURRICANE-ADMINGROUP1@DOAZLAB.COM,User Group Created by Badblood github.com/davidprowe/badblood,8
RA-VEROYC120-ADMINGROUP1@DOAZLAB.COM,User Group Created by Badblood github.com/davidprowe/badblood,8
GR-CAM-ADMINGROUP1@DOAZLAB.COM,User Group Created by Badblood github.com/davidprowe/badblood,8
RI-210-ADMINGROUP1@DOAZLAB.COM,User Group Created by Badblood github.com/davidprowe/badblood,8
23-PAC-ADMINGROUP1@DOAZLAB.COM,User Group Created by Badblood github.com/davidprowe/badblood,8
LA-333-ADMINGROUP1@DOAZLAB.COM,User Group Created by Badblood github.com/davidprowe/badblood,7
DO-VICTORDAN-ADMINGROUP1@DOAZLAB.COM,User Group Created by Badblood github.com/davidprowe/badblood,7
EL-27OCTUBRE-ADMINGROUP1@DOAZLAB.COM,User Group Created by Badblood github.com/davidprowe/badblood,7
GA-290-ADMINGROUP1@DOAZLAB.COM,User Group Created by Badblood github.com/davidprowe/badblood,7
DE-ULISES870-ADMINGROUP1@DOAZLAB.COM,User Group Created by Badblood github.com/davidprowe/badblood,7
ADMINISTRATORS@DOAZLAB.COM,Administrators have complete and unrestricted access to the computer/domain,6
LI-GRANADA23-ADMINGROUP1@DOAZLAB.COM,User Group Created by Badblood github.com/davidprowe/badblood,6
JA-CON-ADMINGROUP1@DOAZLAB.COM,User Group Created by Badblood github.com/davidprowe/badblood,6
CO-251446369-ADMINGROUP1@DOAZLAB.COM,User Group Created by Badblood github.com/davidprowe/badblood,5
KEY ADMINS@DOAZLAB.COM,Members of this group can perform administrative actions on key objects within the domain.,3
DNSADMINS@DOAZLAB.COM,DNS Administrators Group,3
ENTERPRISE ADMINS@DOAZLAB.COM,Designated administrators of the enterprise,2
SCHEMA ADMINS@DOAZLAB.COM,Designated administrators of the schema,2
HYPER-V ADMINISTRATORS@DOAZLAB.COM,Members of this group have complete and unrestricted access to all features of Hyper-V.,1
STORAGE REPLICA ADMINISTRATORS@DOAZLAB.COM,Members of this group have complete and unrestricted access to all features of Storage Replica.,1
