Computer,Description
HREWWEBS1000001.DOAZLAB.COM,Created with secframe.com/badblood.
FSRWAPPS1000000.DOAZLAB.COM,Created with secframe.com/badblood.
SECWAPPS1000003.DOAZLAB.COM,Created with secframe.com/badblood.
AWSWWEBS1000000.DOAZLAB.COM,Created with secframe.com/badblood.
ITSWWEBS1000000.DOAZLAB.COM,Created with secframe.com/badblood.
SECWLPT1000000.DOAZLAB.COM,Created with secframe.com/badblood.
FSRWWEBS1000000.DOAZLAB.COM,Created with secframe.com/badblood.
FSRWLPT1000002.DOAZLAB.COM,Created with secframe.com/badblood.
FSRWLPT1000001.DOAZLAB.COM,Created with secframe.com/badblood.
SECWVIR1000001.DOAZLAB.COM,Created with secframe.com/badblood.
AWSWCTRX1000000.DOAZLAB.COM,Created with secframe.com/badblood.
ITSWSECS1000000.DOAZLAB.COM,Created with secframe.com/badblood.
SECWWKS1000000.DOAZLAB.COM,Created with secframe.com/badblood.
AZRWWKS1000000.DOAZLAB.COM,Created with secframe.com/badblood.
ESMWWEBS1000000.DOAZLAB.COM,Created with secframe.com/badblood.
ITSWCTRX1000000.DOAZLAB.COM,Created with secframe.com/badblood.
SECWVIR1000000.DOAZLAB.COM,Created with secframe.com/badblood.
FSRWWKS1000000.DOAZLAB.COM,Created with secframe.com/badblood.
FINWLPT1000001.DOAZLAB.COM,Created with secframe.com/badblood.
SECWAPPS1000000.DOAZLAB.COM,Created with secframe.com/badblood.
FINWWKS1000000.DOAZLAB.COM,Created with secframe.com/badblood.
FSRWSECS1000000.DOAZLAB.COM,Created with secframe.com/badblood.
BDEWAPPS1000000.DOAZLAB.COM,Created with secframe.com/badblood.
ESMWDBAS1000000.DOAZLAB.COM,Created with secframe.com/badblood.
GOOWVIR1000000.DOAZLAB.COM,Created with secframe.com/badblood.
OGCWWKS1000000.DOAZLAB.COM,Created with secframe.com/badblood.
SECWLPT1000001.DOAZLAB.COM,Created with secframe.com/badblood.
TSTWLPT1000000.DOAZLAB.COM,Created with secframe.com/badblood.
SECWSECS1000000.DOAZLAB.COM,Created with secframe.com/badblood.
FSRWLPT1000000.DOAZLAB.COM,Created with secframe.com/badblood.
AWSWVIR1000000.DOAZLAB.COM,Created with secframe.com/badblood.
BDEWLPT1000000.DOAZLAB.COM,Created with secframe.com/badblood.
ITSWWKS1000000.DOAZLAB.COM,Created with secframe.com/badblood.
HREWWEBS1000000.DOAZLAB.COM,Created with secframe.com/badblood.
AZRWWKS1000001.DOAZLAB.COM,Created with secframe.com/badblood.
AWSWAPPS1000000.DOAZLAB.COM,Created with secframe.com/badblood.
TSTWLPT1000001.DOAZLAB.COM,Created with secframe.com/badblood.
FSRWWKS1000001.DOAZLAB.COM,Created with secframe.com/badblood.
ITSWVIR1000000.DOAZLAB.COM,Created with secframe.com/badblood.
OGCWLPT1000000.DOAZLAB.COM,Created with secframe.com/badblood.
AZRWVIR1000000.DOAZLAB.COM,Created with secframe.com/badblood.
GOOWWKS1000000.DOAZLAB.COM,Created with secframe.com/badblood.
FINWWKS1000001.DOAZLAB.COM,Created with secframe.com/badblood.
BDEWSECS1000000.DOAZLAB.COM,Created with secframe.com/badblood.
AZRWSECS1000000.DOAZLAB.COM,Created with secframe.com/badblood.
ITSWWKS1000001.DOAZLAB.COM,Created with secframe.com/badblood.
FINWLPT1000000.DOAZLAB.COM,Created with secframe.com/badblood.
BDEWWKS1000000.DOAZLAB.COM,Created with secframe.com/badblood.
AWSWVIR1000001.DOAZLAB.COM,Created with secframe.com/badblood.
GOOWWKS1000001.DOAZLAB.COM,Created with secframe.com/badblood.
AWSWSECS1000000.DOAZLAB.COM,Created with secframe.com/badblood.
SECWAPPS1000001.DOAZLAB.COM,Created with secframe.com/badblood.
SECWLPT1000002.DOAZLAB.COM,Created with secframe.com/badblood.
OGCWVIR1000000.DOAZLAB.COM,Created with secframe.com/badblood.
ITSWWKS1000002.DOAZLAB.COM,Created with secframe.com/badblood.
ITSWLPT1000000.DOAZLAB.COM,Created with secframe.com/badblood.
AWSWWKS1000000.DOAZLAB.COM,Created with secframe.com/badblood.
AWSWDBAS1000000.DOAZLAB.COM,Created with secframe.com/badblood.
GOOWAPPS1000000.DOAZLAB.COM,Created with secframe.com/badblood.
GOOWLPT1000000.DOAZLAB.COM,Created with secframe.com/badblood.
FSRWAPPS1000001.DOAZLAB.COM,Created with secframe.com/badblood.
SECWWKS1000001.DOAZLAB.COM,Created with secframe.com/badblood.
FINWSECS1000000.DOAZLAB.COM,Created with secframe.com/badblood.
GOOWSECS1000000.DOAZLAB.COM,Created with secframe.com/badblood.
SECWAPPS1000002.DOAZLAB.COM,Created with secframe.com/badblood.
GOOWSECS1000001.DOAZLAB.COM,Created with secframe.com/badblood.
ESMWSECS1000000.DOAZLAB.COM,Created with secframe.com/badblood.
FINWWEBS1000000.DOAZLAB.COM,Created with secframe.com/badblood.
SECWLPT1000003.DOAZLAB.COM,Created with secframe.com/badblood.
BDEWLPT1000001.DOAZLAB.COM,Created with secframe.com/badblood.
AZRWCTRX1000000.DOAZLAB.COM,Created with secframe.com/badblood.
HREWAPPS1000000.DOAZLAB.COM,Created with secframe.com/badblood.
FINWDBAS1000000.DOAZLAB.COM,Created with secframe.com/badblood.
GOOWWKS1000002.DOAZLAB.COM,Created with secframe.com/badblood.
AWSWWKS1000001.DOAZLAB.COM,Created with secframe.com/badblood.
BDEWWKS1000001.DOAZLAB.COM,Created with secframe.com/badblood.
OGCWLPT1000001.DOAZLAB.COM,Created with secframe.com/badblood.
AWSWCTRX1000001.DOAZLAB.COM,Created with secframe.com/badblood.
GOOWAPPS1000001.DOAZLAB.COM,Created with secframe.com/badblood.
TSTWDBAS1000000.DOAZLAB.COM,Created with secframe.com/badblood.
BDEWWEBS1000000.DOAZLAB.COM,Created with secframe.com/badblood.
AZRWVIR1000001.DOAZLAB.COM,Created with secframe.com/badblood.
OGCWAPPS1000000.DOAZLAB.COM,Created with secframe.com/badblood.
GOOWWEBS1000000.DOAZLAB.COM,Created with secframe.com/badblood.
AWSWLPT1000000.DOAZLAB.COM,Created with secframe.com/badblood.
ESMWVIR1000000.DOAZLAB.COM,Created with secframe.com/badblood.
BDEWAPPS1000001.DOAZLAB.COM,Created with secframe.com/badblood.
ITSWDBAS1000000.DOAZLAB.COM,Created with secframe.com/badblood.
AZRWAPPS1000000.DOAZLAB.COM,Created with secframe.com/badblood.
BDEWVIR1000000.DOAZLAB.COM,Created with secframe.com/badblood.
ESMWWEBS1000001.DOAZLAB.COM,Created with secframe.com/badblood.
HREWWKS1000000.DOAZLAB.COM,Created with secframe.com/badblood.
FSRWDBAS1000000.DOAZLAB.COM,Created with secframe.com/badblood.
OGCWWEBS1000000.DOAZLAB.COM,Created with secframe.com/badblood.
ITSWLPT1000001.DOAZLAB.COM,Created with secframe.com/badblood.
SECWVIR1000002.DOAZLAB.COM,Created with secframe.com/badblood.
AWSWWEBS1000001.DOAZLAB.COM,Created with secframe.com/badblood.
AZRWCTRX1000001.DOAZLAB.COM,Created with secframe.com/badblood.
GOOWAPPS1000002.DOAZLAB.COM,Created with secframe.com/badblood.
