Name,n.domain,Enabled,LAPS,HighValue,OS,Description,PWDLastSet,LastLogonTimeStamp,SPN
AWSWAPPS1000000.DOAZLAB.COM,DOAZLAB.COM,True,False,False,,Created with secframe.com/badblood.,2024-06-14T04:36:21Z,1969-12-31T23:59:59Z,[]
AWSWCTRX1000000.DOAZLAB.COM,DOAZLAB.COM,True,False,False,,Created with secframe.com/badblood.,2024-06-14T04:36:27Z,1969-12-31T23:59:59Z,[]
AWSWCTRX1000001.DOAZLAB.COM,DOAZLAB.COM,True,False,False,,Created with secframe.com/badblood.,2024-06-14T04:36:40Z,1969-12-31T23:59:59Z,[]
AWSWDBAS1000000.DOAZLAB.COM,DOAZLAB.COM,True,False,False,,Created with secframe.com/badblood.,2024-06-14T04:36:31Z,1969-12-31T23:59:59Z,[]
AWSWLPT1000000.DOAZLAB.COM,DOAZLAB.COM,True,False,False,,Created with secframe.com/badblood.,2024-06-14T04:36:39Z,1969-12-31T23:59:59Z,[]
AWSWSECS1000000.DOAZLAB.COM,DOAZLAB.COM,True,False,False,,Created with secframe.com/badblood.,2024-06-14T04:36:28Z,1969-12-31T23:59:59Z,[]
AWSWVIR1000000.DOAZLAB.COM,DOAZLAB.COM,True,False,False,,Created with secframe.com/badblood.,2024-06-14T04:36:18Z,1969-12-31T23:59:59Z,[]
AWSWVIR1000001.DOAZLAB.COM,DOAZLAB.COM,True,False,False,,Created with secframe.com/badblood.,2024-06-14T04:36:27Z,1969-12-31T23:59:59Z,[]
AWSWWEBS1000000.DOAZLAB.COM,DOAZLAB.COM,True,False,False,,Created with secframe.com/badblood.,2024-06-14T04:36:41Z,1969-12-31T23:59:59Z,[]
AWSWWEBS1000001.DOAZLAB.COM,DOAZLAB.COM,True,False,False,,Created with secframe.com/badblood.,2024-06-14T04:36:47Z,1969-12-31T23:59:59Z,[]
AWSWWKS1000000.DOAZLAB.COM,DOAZLAB.COM,True,False,False,,Created with secframe.com/badblood.,2024-06-14T04:36:29Z,1969-12-31T23:59:59Z,[]
AWSWWKS1000001.DOAZLAB.COM,DOAZLAB.COM,True,False,False,,Created with secframe.com/badblood.,2024-06-14T04:36:40Z,1969-12-31T23:59:59Z,[]
AZRWAPPS1000000.DOAZLAB.COM,DOAZLAB.COM,True,False,False,,Created with secframe.com/badblood.,2024-06-14T04:36:44Z,1969-12-31T23:59:59Z,[]
AZRWCTRX1000000.DOAZLAB.COM,DOAZLAB.COM,True,False,False,,Created with secframe.com/badblood.,2024-06-14T04:36:34Z,1969-12-31T23:59:59Z,[]
AZRWCTRX1000001.DOAZLAB.COM,DOAZLAB.COM,True,False,False,,Created with secframe.com/badblood.,2024-06-14T04:36:47Z,1969-12-31T23:59:59Z,[]
AZRWSECS1000000.DOAZLAB.COM,DOAZLAB.COM,True,False,False,,Created with secframe.com/badblood.,2024-06-14T04:36:25Z,1969-12-31T23:59:59Z,[]
AZRWVIR1000000.DOAZLAB.COM,DOAZLAB.COM,True,False,False,,Created with secframe.com/badblood.,2024-06-14T04:36:23Z,1969-12-31T23:59:59Z,[]
AZRWVIR1000001.DOAZLAB.COM,DOAZLAB.COM,True,False,False,,Created with secframe.com/badblood.,2024-06-14T04:36:41Z,1969-12-31T23:59:59Z,[]
AZRWWKS1000000.DOAZLAB.COM,DOAZLAB.COM,True,False,False,,Created with secframe.com/badblood.,2024-06-14T04:36:12Z,1969-12-31T23:59:59Z,[]
AZRWWKS1000001.DOAZLAB.COM,DOAZLAB.COM,True,False,False,,Created with secframe.com/badblood.,2024-06-14T04:36:21Z,1969-12-31T23:59:59Z,[]
BDEWAPPS1000000.DOAZLAB.COM,DOAZLAB.COM,True,False,False,,Created with secframe.com/badblood.,2024-06-14T04:36:14Z,1969-12-31T23:59:59Z,[]
BDEWAPPS1000001.DOAZLAB.COM,DOAZLAB.COM,True,False,False,,Created with secframe.com/badblood.,2024-06-14T04:36:43Z,1969-12-31T23:59:59Z,[]
BDEWLPT1000000.DOAZLAB.COM,DOAZLAB.COM,True,False,False,,Created with secframe.com/badblood.,2024-06-14T04:36:19Z,1969-12-31T23:59:59Z,[]
BDEWLPT1000001.DOAZLAB.COM,DOAZLAB.COM,True,False,False,,Created with secframe.com/badblood.,2024-06-14T04:36:37Z,1969-12-31T23:59:59Z,[]
BDEWSECS1000000.DOAZLAB.COM,DOAZLAB.COM,True,False,False,,Created with secframe.com/badblood.,2024-06-14T04:36:25Z,1969-12-31T23:59:59Z,['HOST/BDEWSECS1000000']
BDEWVIR1000000.DOAZLAB.COM,DOAZLAB.COM,True,False,False,,Created with secframe.com/badblood.,2024-06-14T04:36:45Z,1969-12-31T23:59:59Z,[]
BDEWWEBS1000000.DOAZLAB.COM,DOAZLAB.COM,True,False,False,,Created with secframe.com/badblood.,2024-06-14T04:36:42Z,1969-12-31T23:59:59Z,[]
BDEWWKS1000000.DOAZLAB.COM,DOAZLAB.COM,True,False,False,,Created with secframe.com/badblood.,2024-06-14T04:36:27Z,1969-12-31T23:59:59Z,[]
BDEWWKS1000001.DOAZLAB.COM,DOAZLAB.COM,True,False,False,,Created with secframe.com/badblood.,2024-06-14T04:36:37Z,1969-12-31T23:59:59Z,[]
DC01.DOAZLAB.COM,DOAZLAB.COM,True,False,False,Windows Server 2022 Datacenter,,2024-06-14T03:55:09Z,2024-06-14T03:55:20Z,"['Dfsr-12F9A27C-BF97-4787-9364-D31B6C55EB04/DC01.doazlab.com', 'ldap/DC01.doazlab.com/ForestDnsZones.doazlab.com', 'ldap/DC01.doazlab.com/DomainDnsZones.doazlab.com', 'TERMSRV/DC01', 'TERMSRV/DC01.doazlab.com', 'DNS/DC01.doazlab.com', 'GC/DC01.doazlab.com/doazlab.com', 'RestrictedKrbHost/DC01.doazlab.com', 'RestrictedKrbHost/DC01', 'RPC/ec33b276-b912-4ff0-bb97-f363917a69cd._msdcs.doazlab.com', 'HOST/DC01/DOAZLAB', 'HOST/DC01.doazlab.com/DOAZLAB', 'HOST/DC01', 'HOST/DC01.doazlab.com', 'HOST/DC01.doazlab.com/doazlab.com', 'E3514235-4B06-11D1-AB04-00C04FC2DCD2/ec33b276-b912-4ff0-bb97-f363917a69cd/doazlab.com', 'ldap/DC01/DOAZLAB', 'ldap/ec33b276-b912-4ff0-bb97-f363917a69cd._msdcs.doazlab.com', 'ldap/DC01.doazlab.com/DOAZLAB', 'ldap/DC01', 'ldap/DC01.doazlab.com', 'ldap/DC01.doazlab.com/doazlab.com']"
ESMWDBAS1000000.DOAZLAB.COM,DOAZLAB.COM,True,False,False,,Created with secframe.com/badblood.,2024-06-14T04:36:16Z,1969-12-31T23:59:59Z,[]
ESMWSECS1000000.DOAZLAB.COM,DOAZLAB.COM,True,False,False,,Created with secframe.com/badblood.,2024-06-14T04:36:32Z,1969-12-31T23:59:59Z,[]
ESMWVIR1000000.DOAZLAB.COM,DOAZLAB.COM,True,False,False,,Created with secframe.com/badblood.,2024-06-14T04:36:44Z,1969-12-31T23:59:59Z,[]
ESMWWEBS1000000.DOAZLAB.COM,DOAZLAB.COM,True,False,False,,Created with secframe.com/badblood.,2024-06-14T04:36:12Z,1969-12-31T23:59:59Z,[]
ESMWWEBS1000001.DOAZLAB.COM,DOAZLAB.COM,True,False,False,,Created with secframe.com/badblood.,2024-06-14T04:36:46Z,1969-12-31T23:59:59Z,[]
FINWDBAS1000000.DOAZLAB.COM,DOAZLAB.COM,True,False,False,,Created with secframe.com/badblood.,2024-06-14T04:36:38Z,1969-12-31T23:59:59Z,['HOST/FINWDBAS1000000']
FINWLPT1000000.DOAZLAB.COM,DOAZLAB.COM,True,False,False,,Created with secframe.com/badblood.,2024-06-14T04:36:26Z,1969-12-31T23:59:59Z,[]
FINWLPT1000001.DOAZLAB.COM,DOAZLAB.COM,True,False,False,,Created with secframe.com/badblood.,2024-06-14T04:36:33Z,1969-12-31T23:59:59Z,[]
FINWSECS1000000.DOAZLAB.COM,DOAZLAB.COM,True,False,False,,Created with secframe.com/badblood.,2024-06-14T04:36:33Z,1969-12-31T23:59:59Z,[]
FINWWEBS1000000.DOAZLAB.COM,DOAZLAB.COM,True,False,False,,Created with secframe.com/badblood.,2024-06-14T04:36:36Z,1969-12-31T23:59:59Z,[]
FINWWKS1000000.DOAZLAB.COM,DOAZLAB.COM,True,False,False,,Created with secframe.com/badblood.,2024-06-14T04:36:14Z,1969-12-31T23:59:59Z,[]
FINWWKS1000001.DOAZLAB.COM,DOAZLAB.COM,True,False,False,,Created with secframe.com/badblood.,2024-06-14T04:36:24Z,1969-12-31T23:59:59Z,[]
FSRWAPPS1000000.DOAZLAB.COM,DOAZLAB.COM,True,False,False,,Created with secframe.com/badblood.,2024-06-14T04:36:18Z,1969-12-31T23:59:59Z,[]
FSRWAPPS1000001.DOAZLAB.COM,DOAZLAB.COM,True,False,False,,Created with secframe.com/badblood.,2024-06-14T04:36:32Z,1969-12-31T23:59:59Z,[]
FSRWDBAS1000000.DOAZLAB.COM,DOAZLAB.COM,True,False,False,,Created with secframe.com/badblood.,2024-06-14T04:36:45Z,1969-12-31T23:59:59Z,[]
FSRWLPT1000000.DOAZLAB.COM,DOAZLAB.COM,True,False,False,,Created with secframe.com/badblood.,2024-06-14T04:36:17Z,1969-12-31T23:59:59Z,[]
FSRWLPT1000001.DOAZLAB.COM,DOAZLAB.COM,True,False,False,,Created with secframe.com/badblood.,2024-06-14T04:36:35Z,1969-12-31T23:59:59Z,[]
FSRWLPT1000002.DOAZLAB.COM,DOAZLAB.COM,True,False,False,,Created with secframe.com/badblood.,2024-06-14T04:36:39Z,1969-12-31T23:59:59Z,[]
FSRWSECS1000000.DOAZLAB.COM,DOAZLAB.COM,True,False,False,,Created with secframe.com/badblood.,2024-06-14T04:36:14Z,1969-12-31T23:59:59Z,[]
FSRWWEBS1000000.DOAZLAB.COM,DOAZLAB.COM,True,False,False,,Created with secframe.com/badblood.,2024-06-14T04:36:43Z,1969-12-31T23:59:59Z,[]
FSRWWKS1000000.DOAZLAB.COM,DOAZLAB.COM,True,False,False,,Created with secframe.com/badblood.,2024-06-14T04:36:13Z,1969-12-31T23:59:59Z,[]
FSRWWKS1000001.DOAZLAB.COM,DOAZLAB.COM,True,False,False,,Created with secframe.com/badblood.,2024-06-14T04:36:22Z,1969-12-31T23:59:59Z,[]
GOOWAPPS1000000.DOAZLAB.COM,DOAZLAB.COM,True,False,False,,Created with secframe.com/badblood.,2024-06-14T04:36:31Z,1969-12-31T23:59:59Z,[]
GOOWAPPS1000001.DOAZLAB.COM,DOAZLAB.COM,True,False,False,,Created with secframe.com/badblood.,2024-06-14T04:36:41Z,1969-12-31T23:59:59Z,[]
GOOWAPPS1000002.DOAZLAB.COM,DOAZLAB.COM,True,False,False,,Created with secframe.com/badblood.,2024-06-14T04:36:42Z,1969-12-31T23:59:59Z,[]
GOOWLPT1000000.DOAZLAB.COM,DOAZLAB.COM,True,False,False,,Created with secframe.com/badblood.,2024-06-14T04:36:30Z,1969-12-31T23:59:59Z,[]
GOOWSECS1000000.DOAZLAB.COM,DOAZLAB.COM,True,False,False,,Created with secframe.com/badblood.,2024-06-14T04:36:31Z,1969-12-31T23:59:59Z,[]
GOOWSECS1000001.DOAZLAB.COM,DOAZLAB.COM,True,False,False,,Created with secframe.com/badblood.,2024-06-14T04:36:34Z,1969-12-31T23:59:59Z,[]
GOOWVIR1000000.DOAZLAB.COM,DOAZLAB.COM,True,False,False,,Created with secframe.com/badblood.,2024-06-14T04:36:15Z,1969-12-31T23:59:59Z,[]
GOOWWEBS1000000.DOAZLAB.COM,DOAZLAB.COM,True,False,False,,Created with secframe.com/badblood.,2024-06-14T04:36:43Z,1969-12-31T23:59:59Z,[]
GOOWWKS1000000.DOAZLAB.COM,DOAZLAB.COM,True,False,False,,Created with secframe.com/badblood.,2024-06-14T04:36:24Z,1969-12-31T23:59:59Z,[]
GOOWWKS1000001.DOAZLAB.COM,DOAZLAB.COM,True,False,False,,Created with secframe.com/badblood.,2024-06-14T04:36:26Z,1969-12-31T23:59:59Z,[]
GOOWWKS1000002.DOAZLAB.COM,DOAZLAB.COM,True,False,False,,Created with secframe.com/badblood.,2024-06-14T04:36:35Z,1969-12-31T23:59:59Z,[]
HREWAPPS1000000.DOAZLAB.COM,DOAZLAB.COM,True,False,False,,Created with secframe.com/badblood.,2024-06-14T04:36:37Z,1969-12-31T23:59:59Z,[]
HREWWEBS1000000.DOAZLAB.COM,DOAZLAB.COM,True,False,False,,Created with secframe.com/badblood.,2024-06-14T04:36:20Z,1969-12-31T23:59:59Z,[]
HREWWEBS1000001.DOAZLAB.COM,DOAZLAB.COM,True,False,False,,Created with secframe.com/badblood.,2024-06-14T04:36:36Z,1969-12-31T23:59:59Z,['HOST/HREWWEBS1000001']
HREWWKS1000000.DOAZLAB.COM,DOAZLAB.COM,True,False,False,,Created with secframe.com/badblood.,2024-06-14T04:36:45Z,1969-12-31T23:59:59Z,[]
ITSWCTRX1000000.DOAZLAB.COM,DOAZLAB.COM,True,False,False,,Created with secframe.com/badblood.,2024-06-14T04:36:13Z,1969-12-31T23:59:59Z,[]
ITSWDBAS1000000.DOAZLAB.COM,DOAZLAB.COM,True,False,False,,Created with secframe.com/badblood.,2024-06-14T04:36:44Z,1969-12-31T23:59:59Z,[]
ITSWLPT1000000.DOAZLAB.COM,DOAZLAB.COM,True,False,False,,Created with secframe.com/badblood.,2024-06-14T04:36:30Z,1969-12-31T23:59:59Z,[]
ITSWLPT1000001.DOAZLAB.COM,DOAZLAB.COM,True,False,False,,Created with secframe.com/badblood.,2024-06-14T04:36:47Z,1969-12-31T23:59:59Z,[]
ITSWSECS1000000.DOAZLAB.COM,DOAZLAB.COM,True,False,False,,Created with secframe.com/badblood.,2024-06-14T04:36:34Z,1969-12-31T23:59:59Z,[]
ITSWVIR1000000.DOAZLAB.COM,DOAZLAB.COM,True,False,False,,Created with secframe.com/badblood.,2024-06-14T04:36:22Z,1969-12-31T23:59:59Z,[]
ITSWWEBS1000000.DOAZLAB.COM,DOAZLAB.COM,True,False,False,,Created with secframe.com/badblood.,2024-06-14T04:36:34Z,1969-12-31T23:59:59Z,[]
ITSWWKS1000000.DOAZLAB.COM,DOAZLAB.COM,True,False,False,,Created with secframe.com/badblood.,2024-06-14T04:36:20Z,1969-12-31T23:59:59Z,[]
ITSWWKS1000001.DOAZLAB.COM,DOAZLAB.COM,True,False,False,,Created with secframe.com/badblood.,2024-06-14T04:36:25Z,1969-12-31T23:59:59Z,[]
ITSWWKS1000002.DOAZLAB.COM,DOAZLAB.COM,True,False,False,,Created with secframe.com/badblood.,2024-06-14T04:36:29Z,1969-12-31T23:59:59Z,[]
OGCWAPPS1000000.DOAZLAB.COM,DOAZLAB.COM,True,False,False,,Created with secframe.com/badblood.,2024-06-14T04:36:38Z,1969-12-31T23:59:59Z,[]
OGCWLPT1000000.DOAZLAB.COM,DOAZLAB.COM,True,False,False,,Created with secframe.com/badblood.,2024-06-14T04:36:20Z,1969-12-31T23:59:59Z,['HOST/OGCWLPT1000000']
OGCWLPT1000001.DOAZLAB.COM,DOAZLAB.COM,True,False,False,,Created with secframe.com/badblood.,2024-06-14T04:36:40Z,1969-12-31T23:59:59Z,['HOST/OGCWLPT1000001']
OGCWVIR1000000.DOAZLAB.COM,DOAZLAB.COM,True,False,False,,Created with secframe.com/badblood.,2024-06-14T04:36:29Z,1969-12-31T23:59:59Z,[]
OGCWWEBS1000000.DOAZLAB.COM,DOAZLAB.COM,True,False,False,,Created with secframe.com/badblood.,2024-06-14T04:36:46Z,1969-12-31T23:59:59Z,[]
OGCWWKS1000000.DOAZLAB.COM,DOAZLAB.COM,True,False,False,,Created with secframe.com/badblood.,2024-06-14T04:36:16Z,1969-12-31T23:59:59Z,[]
SECWAPPS1000000.DOAZLAB.COM,DOAZLAB.COM,True,False,False,,Created with secframe.com/badblood.,2024-06-14T04:36:18Z,1969-12-31T23:59:59Z,[]
SECWAPPS1000001.DOAZLAB.COM,DOAZLAB.COM,True,False,False,,Created with secframe.com/badblood.,2024-06-14T04:36:28Z,1969-12-31T23:59:59Z,[]
SECWAPPS1000002.DOAZLAB.COM,DOAZLAB.COM,True,False,False,,Created with secframe.com/badblood.,2024-06-14T04:36:33Z,1969-12-31T23:59:59Z,[]
SECWAPPS1000003.DOAZLAB.COM,DOAZLAB.COM,True,False,False,,Created with secframe.com/badblood.,2024-06-14T04:36:38Z,1969-12-31T23:59:59Z,[]
SECWLPT1000000.DOAZLAB.COM,DOAZLAB.COM,True,False,False,,Created with secframe.com/badblood.,2024-06-14T04:36:15Z,1969-12-31T23:59:59Z,[]
SECWLPT1000001.DOAZLAB.COM,DOAZLAB.COM,True,False,False,,Created with secframe.com/badblood.,2024-06-14T04:36:16Z,1969-12-31T23:59:59Z,[]
SECWLPT1000002.DOAZLAB.COM,DOAZLAB.COM,True,False,False,,Created with secframe.com/badblood.,2024-06-14T04:36:28Z,1969-12-31T23:59:59Z,[]
SECWLPT1000003.DOAZLAB.COM,DOAZLAB.COM,True,False,False,,Created with secframe.com/badblood.,2024-06-14T04:36:36Z,1969-12-31T23:59:59Z,[]
SECWSECS1000000.DOAZLAB.COM,DOAZLAB.COM,True,False,False,,Created with secframe.com/badblood.,2024-06-14T04:36:17Z,1969-12-31T23:59:59Z,[]
SECWVIR1000000.DOAZLAB.COM,DOAZLAB.COM,True,False,False,,Created with secframe.com/badblood.,2024-06-14T04:36:13Z,1969-12-31T23:59:59Z,[]
SECWVIR1000001.DOAZLAB.COM,DOAZLAB.COM,True,False,False,,Created with secframe.com/badblood.,2024-06-14T04:36:23Z,1969-12-31T23:59:59Z,[]
SECWVIR1000002.DOAZLAB.COM,DOAZLAB.COM,True,False,False,,Created with secframe.com/badblood.,2024-06-14T04:36:46Z,1969-12-31T23:59:59Z,[]
SECWWKS1000000.DOAZLAB.COM,DOAZLAB.COM,True,False,False,,Created with secframe.com/badblood.,2024-06-14T04:36:19Z,1969-12-31T23:59:59Z,[]
SECWWKS1000001.DOAZLAB.COM,DOAZLAB.COM,True,False,False,,Created with secframe.com/badblood.,2024-06-14T04:36:32Z,1969-12-31T23:59:59Z,['HOST/SECWWKS1000001']
TSTWDBAS1000000.DOAZLAB.COM,DOAZLAB.COM,True,False,False,,Created with secframe.com/badblood.,2024-06-14T04:36:42Z,1969-12-31T23:59:59Z,[]
TSTWLPT1000000.DOAZLAB.COM,DOAZLAB.COM,True,False,False,,Created with secframe.com/badblood.,2024-06-14T04:36:17Z,1969-12-31T23:59:59Z,[]
TSTWLPT1000001.DOAZLAB.COM,DOAZLAB.COM,True,False,False,,Created with secframe.com/badblood.,2024-06-14T04:36:22Z,1969-12-31T23:59:59Z,[]
WIN2K3-DEV.DOAZLAB.COM,DOAZLAB.COM,True,False,False,Windows Server 2003,,2024-06-14T04:44:03Z,1969-12-31T23:59:59Z,[]
WIN2K8-CITRIX.DOAZLAB.COM,DOAZLAB.COM,True,False,False,Windows Server 2008,,2024-06-14T04:44:03Z,1969-12-31T23:59:59Z,[]
WIN2K8-TS01.DOAZLAB.COM,DOAZLAB.COM,True,False,False,Windows Server 2008,,2024-06-14T04:44:04Z,1969-12-31T23:59:59Z,[]
WS05.DOAZLAB.COM,DOAZLAB.COM,True,False,False,Windows 10 Pro,,2024-06-14T03:58:37Z,2024-06-14T03:58:38Z,"['WSMAN/WS05', 'WSMAN/WS05.doazlab.com', 'TERMSRV/WS05', 'TERMSRV/WS05.doazlab.com', 'RestrictedKrbHost/WS05', 'HOST/WS05', 'RestrictedKrbHost/WS05.doazlab.com', 'HOST/WS05.doazlab.com']"
