Name,HighValue,Description,Owner,OwnerType
ADMINISTRATORS@DOAZLAB.COM,True,Administrators have complete and unrestricted access to the computer/domain,DOMAIN ADMINS@DOAZLAB.COM,Base
ENTERPRISE ADMINS@DOAZLAB.COM,True,Designated administrators of the enterprise,DOMAIN ADMINS@DOAZLAB.COM,Base
DOMAIN USERS@DOAZLAB.COM,False,All domain users,DOMAIN ADMINS@DOAZLAB.COM,Base
ACCOUNT OPERATORS@DOAZLAB.COM,True,Members can administer domain user and group accounts,DOMAIN ADMINS@DOAZLAB.COM,Base
MO-SAM-DISTLIST1@DOAZLAB.COM,False,User Group Created by Badblood github.com/davidprowe/badblood,DOMAIN ADMINS@DOAZLAB.COM,Base
RA-ANG-DISTLIST1@DOAZLAB.COM,False,User Group Created by Badblood github.com/davidprowe/badblood,DOMAIN ADMINS@DOAZLAB.COM,Base
MA-BIB-DISTLIST1@DOAZLAB.COM,False,User Group Created by Badblood github.com/davidprowe/badblood,DOMAIN ADMINS@DOAZLAB.COM,Base
SH-SIMPLEMEN-DISTLIST1@DOAZLAB.COM,False,User Group Created by Badblood github.com/davidprowe/badblood,DOMAIN ADMINS@DOAZLAB.COM,Base
AL-210-DISTLIST1@DOAZLAB.COM,False,User Group Created by Badblood github.com/davidprowe/badblood,DOMAIN ADMINS@DOAZLAB.COM,Base
TR-WAVY375BE-DISTLIST1@DOAZLAB.COM,False,User Group Created by Badblood github.com/davidprowe/badblood,DOMAIN ADMINS@DOAZLAB.COM,Base
LA-ANI221994-DISTLIST1@DOAZLAB.COM,False,User Group Created by Badblood github.com/davidprowe/badblood,DOMAIN ADMINS@DOAZLAB.COM,Base
GA-TOD-DISTLIST1@DOAZLAB.COM,False,User Group Created by Badblood github.com/davidprowe/badblood,DOMAIN ADMINS@DOAZLAB.COM,Base
LE-LAVALDERI-DISTLIST1@DOAZLAB.COM,False,User Group Created by Badblood github.com/davidprowe/badblood,DOMAIN ADMINS@DOAZLAB.COM,Base
PA-POL-DISTLIST1@DOAZLAB.COM,False,User Group Created by Badblood github.com/davidprowe/badblood,DOMAIN ADMINS@DOAZLAB.COM,Base
JO-BRE-DISTLIST1@DOAZLAB.COM,False,User Group Created by Badblood github.com/davidprowe/badblood,DOMAIN ADMINS@DOAZLAB.COM,Base
LA-LOU-ADMINGROUP1@DOAZLAB.COM,False,User Group Created by Badblood github.com/davidprowe/badblood,DOMAIN ADMINS@DOAZLAB.COM,Base
GI-GET-ADMINGROUP1@DOAZLAB.COM,False,User Group Created by Badblood github.com/davidprowe/badblood,DOMAIN ADMINS@DOAZLAB.COM,Base
JA-TOMGER196-ADMINGROUP1@DOAZLAB.COM,False,User Group Created by Badblood github.com/davidprowe/badblood,DOMAIN ADMINS@DOAZLAB.COM,Base
EVENT LOG READERS@DOAZLAB.COM,False,Members of this group can read event logs from local machine,ADMINISTRATORS@DOAZLAB.COM,Base
RDS MANAGEMENT SERVERS@DOAZLAB.COM,False,Servers in this group can perform routine administrative actions on servers running Remote Desktop Services. This group needs to be populated on all servers in a Remote Desktop Services deployment. The servers running the RDS Central Management service must be included in this group.,ADMINISTRATORS@DOAZLAB.COM,Base
CE-MATISHIKA-DISTLIST1@DOAZLAB.COM,False,User Group Created by Badblood github.com/davidprowe/badblood,DOMAIN ADMINS@DOAZLAB.COM,Base
JA-ROL-DISTLIST1@DOAZLAB.COM,False,User Group Created by Badblood github.com/davidprowe/badblood,DOMAIN ADMINS@DOAZLAB.COM,Base
DE-OCT-DISTLIST1@DOAZLAB.COM,False,User Group Created by Badblood github.com/davidprowe/badblood,DOMAIN ADMINS@DOAZLAB.COM,Base
CA-PIR-ADMINGROUP1@DOAZLAB.COM,False,User Group Created by Badblood github.com/davidprowe/badblood,DOMAIN ADMINS@DOAZLAB.COM,Base
AD-LARGUITA4-DISTLIST1@DOAZLAB.COM,False,User Group Created by Badblood github.com/davidprowe/badblood,DOMAIN ADMINS@DOAZLAB.COM,Base
RAS AND IAS SERVERS@DOAZLAB.COM,False,Servers in this group can access remote access properties of users,DOMAIN ADMINS@DOAZLAB.COM,Base
WA-MIE-DISTLIST1@DOAZLAB.COM,False,User Group Created by Badblood github.com/davidprowe/badblood,DOMAIN ADMINS@DOAZLAB.COM,Base
CO-MANTE2009-DISTLIST1@DOAZLAB.COM,False,User Group Created by Badblood github.com/davidprowe/badblood,DOMAIN ADMINS@DOAZLAB.COM,Base
ER-FRANCISCO-ADMINGROUP1@DOAZLAB.COM,False,User Group Created by Badblood github.com/davidprowe/badblood,DOMAIN ADMINS@DOAZLAB.COM,Base
GE-BLYLRTKM1-ADMINGROUP1@DOAZLAB.COM,False,User Group Created by Badblood github.com/davidprowe/badblood,DOMAIN ADMINS@DOAZLAB.COM,Base
69-759-DISTLIST1@DOAZLAB.COM,False,User Group Created by Badblood github.com/davidprowe/badblood,DOMAIN ADMINS@DOAZLAB.COM,Base
DOMAIN GUESTS@DOAZLAB.COM,False,All domain guests,DOMAIN ADMINS@DOAZLAB.COM,Base
ENTERPRISE KEY ADMINS@DOAZLAB.COM,False,Members of this group can perform administrative actions on key objects within the forest.,DOMAIN ADMINS@DOAZLAB.COM,Base
DOMAIN COMPUTERS@DOAZLAB.COM,False,All workstations and servers joined to the domain,DOMAIN ADMINS@DOAZLAB.COM,Base
MY-SOCOBEGA2-DISTLIST1@DOAZLAB.COM,False,User Group Created by Badblood github.com/davidprowe/badblood,DOMAIN ADMINS@DOAZLAB.COM,Base
TA-PACHECO4E-DISTLIST1@DOAZLAB.COM,False,User Group Created by Badblood github.com/davidprowe/badblood,DOMAIN ADMINS@DOAZLAB.COM,Base
DOMAIN CONTROLLERS@DOAZLAB.COM,True,All domain controllers in the domain,DOMAIN ADMINS@DOAZLAB.COM,Base
SCHEMA ADMINS@DOAZLAB.COM,False,Designated administrators of the schema,DOMAIN ADMINS@DOAZLAB.COM,Base
LI-SCR-ADMINGROUP1@DOAZLAB.COM,False,User Group Created by Badblood github.com/davidprowe/badblood,DOMAIN ADMINS@DOAZLAB.COM,Base
READ-ONLY DOMAIN CONTROLLERS@DOAZLAB.COM,False,Members of this group are Read-Only Domain Controllers in the domain,DOMAIN ADMINS@DOAZLAB.COM,Base
GROUP POLICY CREATOR OWNERS@DOAZLAB.COM,False,Members in this group can modify group policy for the domain,DOMAIN ADMINS@DOAZLAB.COM,Base
CLONEABLE DOMAIN CONTROLLERS@DOAZLAB.COM,False,Members of this group that are domain controllers may be cloned.,DOMAIN ADMINS@DOAZLAB.COM,Base
PROTECTED USERS@DOAZLAB.COM,False,Members of this group are afforded additional protections against authentication security threats. See http://go.microsoft.com/fwlink/?LinkId=298939 for more information.,DOMAIN ADMINS@DOAZLAB.COM,Base
KEY ADMINS@DOAZLAB.COM,False,Members of this group can perform administrative actions on key objects within the domain.,DOMAIN ADMINS@DOAZLAB.COM,Base
AL-530-DISTLIST1@DOAZLAB.COM,False,User Group Created by Badblood github.com/davidprowe/badblood,DOMAIN ADMINS@DOAZLAB.COM,Base
GA-LON-DISTLIST1@DOAZLAB.COM,False,User Group Created by Badblood github.com/davidprowe/badblood,DOMAIN ADMINS@DOAZLAB.COM,Base
RA-315-DISTLIST1@DOAZLAB.COM,False,User Group Created by Badblood github.com/davidprowe/badblood,DOMAIN ADMINS@DOAZLAB.COM,Base
LA-333-ADMINGROUP1@DOAZLAB.COM,False,User Group Created by Badblood github.com/davidprowe/badblood,DOMAIN ADMINS@DOAZLAB.COM,Base
RI-HEP-ADMINGROUP1@DOAZLAB.COM,False,User Group Created by Badblood github.com/davidprowe/badblood,DOMAIN ADMINS@DOAZLAB.COM,Base
QU-ERIKAGAME-DISTLIST1@DOAZLAB.COM,False,User Group Created by Badblood github.com/davidprowe/badblood,DOMAIN ADMINS@DOAZLAB.COM,Base
NE-MOM-DISTLIST1@DOAZLAB.COM,False,User Group Created by Badblood github.com/davidprowe/badblood,DOMAIN ADMINS@DOAZLAB.COM,Base
AD-MON-DISTLIST1@DOAZLAB.COM,False,User Group Created by Badblood github.com/davidprowe/badblood,DOMAIN ADMINS@DOAZLAB.COM,Base
RY-GABRIELVE-DISTLIST1@DOAZLAB.COM,False,User Group Created by Badblood github.com/davidprowe/badblood,DOMAIN ADMINS@DOAZLAB.COM,Base
LA-FLOR1DIA1-ADMINGROUP1@DOAZLAB.COM,False,User Group Created by Badblood github.com/davidprowe/badblood,DOMAIN ADMINS@DOAZLAB.COM,Base
32-646-ADMINGROUP1@DOAZLAB.COM,False,User Group Created by Badblood github.com/davidprowe/badblood,DOMAIN ADMINS@DOAZLAB.COM,Base
RY-SAR-DISTLIST1@DOAZLAB.COM,False,User Group Created by Badblood github.com/davidprowe/badblood,DOMAIN ADMINS@DOAZLAB.COM,Base
SP-ARE-DISTLIST1@DOAZLAB.COM,False,User Group Created by Badblood github.com/davidprowe/badblood,DOMAIN ADMINS@DOAZLAB.COM,Base
FR-196-DISTLIST1@DOAZLAB.COM,False,User Group Created by Badblood github.com/davidprowe/badblood,DOMAIN ADMINS@DOAZLAB.COM,Base
BE-GORDAYSOF-DISTLIST1@DOAZLAB.COM,False,User Group Created by Badblood github.com/davidprowe/badblood,DOMAIN ADMINS@DOAZLAB.COM,Base
MA-ART-ADMINGROUP1@DOAZLAB.COM,False,User Group Created by Badblood github.com/davidprowe/badblood,DOMAIN ADMINS@DOAZLAB.COM,Base
FA-KIT-DISTLIST1@DOAZLAB.COM,False,User Group Created by Badblood github.com/davidprowe/badblood,DOMAIN ADMINS@DOAZLAB.COM,Base
BR-SUPERMANN-ADMINGROUP1@DOAZLAB.COM,False,User Group Created by Badblood github.com/davidprowe/badblood,DOMAIN ADMINS@DOAZLAB.COM,Base
JA-TOMCRUISE-DISTLIST1@DOAZLAB.COM,False,User Group Created by Badblood github.com/davidprowe/badblood,DOMAIN ADMINS@DOAZLAB.COM,Base
BE-VAM-DISTLIST1@DOAZLAB.COM,False,User Group Created by Badblood github.com/davidprowe/badblood,DOMAIN ADMINS@DOAZLAB.COM,Base
KA-MEL-ADMINGROUP1@DOAZLAB.COM,False,User Group Created by Badblood github.com/davidprowe/badblood,DOMAIN ADMINS@DOAZLAB.COM,Base
RO-VISCAELBA-DISTLIST1@DOAZLAB.COM,False,User Group Created by Badblood github.com/davidprowe/badblood,DOMAIN ADMINS@DOAZLAB.COM,Base
IV-MEJORSOLA-DISTLIST1@DOAZLAB.COM,False,User Group Created by Badblood github.com/davidprowe/badblood,DOMAIN ADMINS@DOAZLAB.COM,Base
RI-BEB-DISTLIST1@DOAZLAB.COM,False,User Group Created by Badblood github.com/davidprowe/badblood,DOMAIN ADMINS@DOAZLAB.COM,Base
AL-AWA-DISTLIST1@DOAZLAB.COM,False,User Group Created by Badblood github.com/davidprowe/badblood,DOMAIN ADMINS@DOAZLAB.COM,Base
KE-DRE-DISTLIST1@DOAZLAB.COM,False,User Group Created by Badblood github.com/davidprowe/badblood,DOMAIN ADMINS@DOAZLAB.COM,Base
23-06C-ADMINGROUP1@DOAZLAB.COM,False,User Group Created by Badblood github.com/davidprowe/badblood,DOMAIN ADMINS@DOAZLAB.COM,Base
AR-PUERTOESC-DISTLIST1@DOAZLAB.COM,False,User Group Created by Badblood github.com/davidprowe/badblood,DOMAIN ADMINS@DOAZLAB.COM,Base
BA-137-ADMINGROUP1@DOAZLAB.COM,False,User Group Created by Badblood github.com/davidprowe/badblood,DOMAIN ADMINS@DOAZLAB.COM,Base
JO-290-DISTLIST1@DOAZLAB.COM,False,User Group Created by Badblood github.com/davidprowe/badblood,DOMAIN ADMINS@DOAZLAB.COM,Base
MY-BEL-ADMINGROUP1@DOAZLAB.COM,False,User Group Created by Badblood github.com/davidprowe/badblood,DOMAIN ADMINS@DOAZLAB.COM,Base
LO-PETERGARO-ADMINGROUP1@DOAZLAB.COM,False,User Group Created by Badblood github.com/davidprowe/badblood,DOMAIN ADMINS@DOAZLAB.COM,Base
BE-BBC193272-ADMINGROUP1@DOAZLAB.COM,False,User Group Created by Badblood github.com/davidprowe/badblood,DOMAIN ADMINS@DOAZLAB.COM,Base
HI-MARCELA12-DISTLIST1@DOAZLAB.COM,False,User Group Created by Badblood github.com/davidprowe/badblood,DOMAIN ADMINS@DOAZLAB.COM,Base
ED-MICOPITO2-ADMINGROUP1@DOAZLAB.COM,False,User Group Created by Badblood github.com/davidprowe/badblood,DOMAIN ADMINS@DOAZLAB.COM,Base
MA-SOY-DISTLIST1@DOAZLAB.COM,False,User Group Created by Badblood github.com/davidprowe/badblood,DOMAIN ADMINS@DOAZLAB.COM,Base
RI-MAE-DISTLIST1@DOAZLAB.COM,False,User Group Created by Badblood github.com/davidprowe/badblood,DOMAIN ADMINS@DOAZLAB.COM,Base
TR-130-ADMINGROUP1@DOAZLAB.COM,False,User Group Created by Badblood github.com/davidprowe/badblood,DOMAIN ADMINS@DOAZLAB.COM,Base
SA-MONIQUE55-DISTLIST1@DOAZLAB.COM,False,User Group Created by Badblood github.com/davidprowe/badblood,DOMAIN ADMINS@DOAZLAB.COM,Base
MA-101-ADMINGROUP1@DOAZLAB.COM,False,User Group Created by Badblood github.com/davidprowe/badblood,DOMAIN ADMINS@DOAZLAB.COM,Base
JE-ENC-DISTLIST1@DOAZLAB.COM,False,User Group Created by Badblood github.com/davidprowe/badblood,DOMAIN ADMINS@DOAZLAB.COM,Base
MI-BAN-ADMINGROUP1@DOAZLAB.COM,False,User Group Created by Badblood github.com/davidprowe/badblood,DOMAIN ADMINS@DOAZLAB.COM,Base
JA-TCH-ADMINGROUP1@DOAZLAB.COM,False,User Group Created by Badblood github.com/davidprowe/badblood,DOMAIN ADMINS@DOAZLAB.COM,Base
NX-199-DISTLIST1@DOAZLAB.COM,False,User Group Created by Badblood github.com/davidprowe/badblood,DOMAIN ADMINS@DOAZLAB.COM,Base
BR-ZAI-DISTLIST1@DOAZLAB.COM,False,User Group Created by Badblood github.com/davidprowe/badblood,DOMAIN ADMINS@DOAZLAB.COM,Base
SA-CHA-DISTLIST1@DOAZLAB.COM,False,User Group Created by Badblood github.com/davidprowe/badblood,DOMAIN ADMINS@DOAZLAB.COM,Base
EL-98SAYUTAN-DISTLIST1@DOAZLAB.COM,False,User Group Created by Badblood github.com/davidprowe/badblood,DOMAIN ADMINS@DOAZLAB.COM,Base
JA-CLA-DISTLIST1@DOAZLAB.COM,False,User Group Created by Badblood github.com/davidprowe/badblood,DOMAIN ADMINS@DOAZLAB.COM,Base
LI-MILAGROSA-DISTLIST1@DOAZLAB.COM,False,User Group Created by Badblood github.com/davidprowe/badblood,DOMAIN ADMINS@DOAZLAB.COM,Base
IS-BEA-DISTLIST1@DOAZLAB.COM,False,User Group Created by Badblood github.com/davidprowe/badblood,DOMAIN ADMINS@DOAZLAB.COM,Base
CI-LVJ-ADMINGROUP1@DOAZLAB.COM,False,User Group Created by Badblood github.com/davidprowe/badblood,DOMAIN ADMINS@DOAZLAB.COM,Base
FR-4JO-DISTLIST1@DOAZLAB.COM,False,User Group Created by Badblood github.com/davidprowe/badblood,DOMAIN ADMINS@DOAZLAB.COM,Base
HA-MVTIN2140-DISTLIST1@DOAZLAB.COM,False,User Group Created by Badblood github.com/davidprowe/badblood,DOMAIN ADMINS@DOAZLAB.COM,Base
WE-280-DISTLIST1@DOAZLAB.COM,False,User Group Created by Badblood github.com/davidprowe/badblood,DOMAIN ADMINS@DOAZLAB.COM,Base
GE-808-DISTLIST1@DOAZLAB.COM,False,User Group Created by Badblood github.com/davidprowe/badblood,DOMAIN ADMINS@DOAZLAB.COM,Base
BR-IAN-DISTLIST1@DOAZLAB.COM,False,User Group Created by Badblood github.com/davidprowe/badblood,DOMAIN ADMINS@DOAZLAB.COM,Base
ST-COUCOUCOU-ADMINGROUP1@DOAZLAB.COM,False,User Group Created by Badblood github.com/davidprowe/badblood,DOMAIN ADMINS@DOAZLAB.COM,Base
23-BOL-DISTLIST1@DOAZLAB.COM,False,User Group Created by Badblood github.com/davidprowe/badblood,DOMAIN ADMINS@DOAZLAB.COM,Base
CO-CHIMPANDO-DISTLIST1@DOAZLAB.COM,False,User Group Created by Badblood github.com/davidprowe/badblood,DOMAIN ADMINS@DOAZLAB.COM,Base
AL-MARCELITA-DISTLIST1@DOAZLAB.COM,False,User Group Created by Badblood github.com/davidprowe/badblood,DOMAIN ADMINS@DOAZLAB.COM,Base
GE-301-DISTLIST1@DOAZLAB.COM,False,User Group Created by Badblood github.com/davidprowe/badblood,DOMAIN ADMINS@DOAZLAB.COM,Base
LE-CHA-DISTLIST1@DOAZLAB.COM,False,User Group Created by Badblood github.com/davidprowe/badblood,DOMAIN ADMINS@DOAZLAB.COM,Base
KA-SAL-DISTLIST1@DOAZLAB.COM,False,User Group Created by Badblood github.com/davidprowe/badblood,DOMAIN ADMINS@DOAZLAB.COM,Base
FR-SIQUIROS2-DISTLIST1@DOAZLAB.COM,False,User Group Created by Badblood github.com/davidprowe/badblood,DOMAIN ADMINS@DOAZLAB.COM,Base
TR-ARI-ADMINGROUP1@DOAZLAB.COM,False,User Group Created by Badblood github.com/davidprowe/badblood,DOMAIN ADMINS@DOAZLAB.COM,Base
WE-LACTOBACI-DISTLIST1@DOAZLAB.COM,False,User Group Created by Badblood github.com/davidprowe/badblood,DOMAIN ADMINS@DOAZLAB.COM,Base
AM-CC5271896-DISTLIST1@DOAZLAB.COM,False,User Group Created by Badblood github.com/davidprowe/badblood,DOMAIN ADMINS@DOAZLAB.COM,Base
LI-GRANADA23-ADMINGROUP1@DOAZLAB.COM,False,User Group Created by Badblood github.com/davidprowe/badblood,DOMAIN ADMINS@DOAZLAB.COM,Base
RO-PIC-DISTLIST1@DOAZLAB.COM,False,User Group Created by Badblood github.com/davidprowe/badblood,DOMAIN ADMINS@DOAZLAB.COM,Base
RY-PRI-DISTLIST1@DOAZLAB.COM,False,User Group Created by Badblood github.com/davidprowe/badblood,DOMAIN ADMINS@DOAZLAB.COM,Base
ZA-18D-DISTLIST1@DOAZLAB.COM,False,User Group Created by Badblood github.com/davidprowe/badblood,DOMAIN ADMINS@DOAZLAB.COM,Base
AR-KHA-DISTLIST1@DOAZLAB.COM,False,User Group Created by Badblood github.com/davidprowe/badblood,DOMAIN ADMINS@DOAZLAB.COM,Base
SY-SIQ-DISTLIST1@DOAZLAB.COM,False,User Group Created by Badblood github.com/davidprowe/badblood,DOMAIN ADMINS@DOAZLAB.COM,Base
VA-3LAMORDAM-DISTLIST1@DOAZLAB.COM,False,User Group Created by Badblood github.com/davidprowe/badblood,DOMAIN ADMINS@DOAZLAB.COM,Base
LA-ALI-DISTLIST1@DOAZLAB.COM,False,User Group Created by Badblood github.com/davidprowe/badblood,DOMAIN ADMINS@DOAZLAB.COM,Base
TA-ZAB-DISTLIST1@DOAZLAB.COM,False,User Group Created by Badblood github.com/davidprowe/badblood,DOMAIN ADMINS@DOAZLAB.COM,Base
69-FRASCUELO-DISTLIST1@DOAZLAB.COM,False,User Group Created by Badblood github.com/davidprowe/badblood,DOMAIN ADMINS@DOAZLAB.COM,Base
CO-ISSAIVELA-DISTLIST1@DOAZLAB.COM,False,User Group Created by Badblood github.com/davidprowe/badblood,DOMAIN ADMINS@DOAZLAB.COM,Base
AN-661-DISTLIST1@DOAZLAB.COM,False,User Group Created by Badblood github.com/davidprowe/badblood,DOMAIN ADMINS@DOAZLAB.COM,Base
LO-DERLIS120-ADMINGROUP1@DOAZLAB.COM,False,User Group Created by Badblood github.com/davidprowe/badblood,DOMAIN ADMINS@DOAZLAB.COM,Base
TR-800-DISTLIST1@DOAZLAB.COM,False,User Group Created by Badblood github.com/davidprowe/badblood,DOMAIN ADMINS@DOAZLAB.COM,Base
JA-ASHLEIGH4-DISTLIST1@DOAZLAB.COM,False,User Group Created by Badblood github.com/davidprowe/badblood,DOMAIN ADMINS@DOAZLAB.COM,Base
AN-SHE-DISTLIST1@DOAZLAB.COM,False,User Group Created by Badblood github.com/davidprowe/badblood,DOMAIN ADMINS@DOAZLAB.COM,Base
SS-HIP-DISTLIST1@DOAZLAB.COM,False,User Group Created by Badblood github.com/davidprowe/badblood,DOMAIN ADMINS@DOAZLAB.COM,Base
EL-1025280BA-DISTLIST1@DOAZLAB.COM,False,User Group Created by Badblood github.com/davidprowe/badblood,DOMAIN ADMINS@DOAZLAB.COM,Base
MA-ANDALUCIA-DISTLIST1@DOAZLAB.COM,False,User Group Created by Badblood github.com/davidprowe/badblood,DOMAIN ADMINS@DOAZLAB.COM,Base
NX-ROB-DISTLIST1@DOAZLAB.COM,False,User Group Created by Badblood github.com/davidprowe/badblood,DOMAIN ADMINS@DOAZLAB.COM,Base
SA-MAIORCA31-DISTLIST1@DOAZLAB.COM,False,User Group Created by Badblood github.com/davidprowe/badblood,DOMAIN ADMINS@DOAZLAB.COM,Base
ER-26558874J-DISTLIST1@DOAZLAB.COM,False,User Group Created by Badblood github.com/davidprowe/badblood,DOMAIN ADMINS@DOAZLAB.COM,Base
JA-DICIEMBRE-ADMINGROUP1@DOAZLAB.COM,False,User Group Created by Badblood github.com/davidprowe/badblood,DOMAIN ADMINS@DOAZLAB.COM,Base
SH-CON-DISTLIST1@DOAZLAB.COM,False,User Group Created by Badblood github.com/davidprowe/badblood,DOMAIN ADMINS@DOAZLAB.COM,Base
EL-112-DISTLIST1@DOAZLAB.COM,False,User Group Created by Badblood github.com/davidprowe/badblood,DOMAIN ADMINS@DOAZLAB.COM,Base
EL-PEN-DISTLIST1@DOAZLAB.COM,False,User Group Created by Badblood github.com/davidprowe/badblood,DOMAIN ADMINS@DOAZLAB.COM,Base
RE-FOC-ADMINGROUP1@DOAZLAB.COM,False,User Group Created by Badblood github.com/davidprowe/badblood,DOMAIN ADMINS@DOAZLAB.COM,Base
DO-VICTORDAN-ADMINGROUP1@DOAZLAB.COM,False,User Group Created by Badblood github.com/davidprowe/badblood,DOMAIN ADMINS@DOAZLAB.COM,Base
69-TON-DISTLIST1@DOAZLAB.COM,False,User Group Created by Badblood github.com/davidprowe/badblood,DOMAIN ADMINS@DOAZLAB.COM,Base
LE-MOR-DISTLIST1@DOAZLAB.COM,False,User Group Created by Badblood github.com/davidprowe/badblood,DOMAIN ADMINS@DOAZLAB.COM,Base
66-BETTYSEXO-DISTLIST1@DOAZLAB.COM,False,User Group Created by Badblood github.com/davidprowe/badblood,DOMAIN ADMINS@DOAZLAB.COM,Base
PO-130-DISTLIST1@DOAZLAB.COM,False,User Group Created by Badblood github.com/davidprowe/badblood,DOMAIN ADMINS@DOAZLAB.COM,Base
RO-EDR-DISTLIST1@DOAZLAB.COM,False,User Group Created by Badblood github.com/davidprowe/badblood,DOMAIN ADMINS@DOAZLAB.COM,Base
78-OMERITOES-ADMINGROUP1@DOAZLAB.COM,False,User Group Created by Badblood github.com/davidprowe/badblood,DOMAIN ADMINS@DOAZLAB.COM,Base
JO-MOR-DISTLIST1@DOAZLAB.COM,False,User Group Created by Badblood github.com/davidprowe/badblood,DOMAIN ADMINS@DOAZLAB.COM,Base
AL-MAR-ADMINGROUP1@DOAZLAB.COM,False,User Group Created by Badblood github.com/davidprowe/badblood,DOMAIN ADMINS@DOAZLAB.COM,Base
LU-MUS-DISTLIST1@DOAZLAB.COM,False,User Group Created by Badblood github.com/davidprowe/badblood,DOMAIN ADMINS@DOAZLAB.COM,Base
LO-TOM-DISTLIST1@DOAZLAB.COM,False,User Group Created by Badblood github.com/davidprowe/badblood,DOMAIN ADMINS@DOAZLAB.COM,Base
IN-LUNNAMATI-DISTLIST1@DOAZLAB.COM,False,User Group Created by Badblood github.com/davidprowe/badblood,DOMAIN ADMINS@DOAZLAB.COM,Base
JA-GIRLANI12-ADMINGROUP1@DOAZLAB.COM,False,User Group Created by Badblood github.com/davidprowe/badblood,DOMAIN ADMINS@DOAZLAB.COM,Base
EV-JAC-DISTLIST1@DOAZLAB.COM,False,User Group Created by Badblood github.com/davidprowe/badblood,DOMAIN ADMINS@DOAZLAB.COM,Base
TO-MIG-DISTLIST1@DOAZLAB.COM,False,User Group Created by Badblood github.com/davidprowe/badblood,DOMAIN ADMINS@DOAZLAB.COM,Base
CO-251446369-ADMINGROUP1@DOAZLAB.COM,False,User Group Created by Badblood github.com/davidprowe/badblood,DOMAIN ADMINS@DOAZLAB.COM,Base
PA-JULIOCESA-ADMINGROUP1@DOAZLAB.COM,False,User Group Created by Badblood github.com/davidprowe/badblood,DOMAIN ADMINS@DOAZLAB.COM,Base
NA-BJG-DISTLIST1@DOAZLAB.COM,False,User Group Created by Badblood github.com/davidprowe/badblood,DOMAIN ADMINS@DOAZLAB.COM,Base
FA-983-DISTLIST1@DOAZLAB.COM,False,User Group Created by Badblood github.com/davidprowe/badblood,DOMAIN ADMINS@DOAZLAB.COM,Base
JA-MIS-DISTLIST1@DOAZLAB.COM,False,User Group Created by Badblood github.com/davidprowe/badblood,DOMAIN ADMINS@DOAZLAB.COM,Base
RU-RIC-DISTLIST1@DOAZLAB.COM,False,User Group Created by Badblood github.com/davidprowe/badblood,DOMAIN ADMINS@DOAZLAB.COM,Base
EL-RIMERCITO-DISTLIST1@DOAZLAB.COM,False,User Group Created by Badblood github.com/davidprowe/badblood,DOMAIN ADMINS@DOAZLAB.COM,Base
PA-CHE-ADMINGROUP1@DOAZLAB.COM,False,User Group Created by Badblood github.com/davidprowe/badblood,DOMAIN ADMINS@DOAZLAB.COM,Base
GA-HERMANA34-DISTLIST1@DOAZLAB.COM,False,User Group Created by Badblood github.com/davidprowe/badblood,DOMAIN ADMINS@DOAZLAB.COM,Base
LO-WWW333599-DISTLIST1@DOAZLAB.COM,False,User Group Created by Badblood github.com/davidprowe/badblood,DOMAIN ADMINS@DOAZLAB.COM,Base
DW-CHI-ADMINGROUP1@DOAZLAB.COM,False,User Group Created by Badblood github.com/davidprowe/badblood,DOMAIN ADMINS@DOAZLAB.COM,Base
SA-RGH-DISTLIST1@DOAZLAB.COM,False,User Group Created by Badblood github.com/davidprowe/badblood,DOMAIN ADMINS@DOAZLAB.COM,Base
AD-HURRICANE-ADMINGROUP1@DOAZLAB.COM,False,User Group Created by Badblood github.com/davidprowe/badblood,DOMAIN ADMINS@DOAZLAB.COM,Base
LE-POO-DISTLIST1@DOAZLAB.COM,False,User Group Created by Badblood github.com/davidprowe/badblood,DOMAIN ADMINS@DOAZLAB.COM,Base
WI-TOMGER196-DISTLIST1@DOAZLAB.COM,False,User Group Created by Badblood github.com/davidprowe/badblood,DOMAIN ADMINS@DOAZLAB.COM,Base
ER-IRONMAIDE-ADMINGROUP1@DOAZLAB.COM,False,User Group Created by Badblood github.com/davidprowe/badblood,DOMAIN ADMINS@DOAZLAB.COM,Base
FI-T00-DISTLIST1@DOAZLAB.COM,False,User Group Created by Badblood github.com/davidprowe/badblood,DOMAIN ADMINS@DOAZLAB.COM,Base
LE-SAI-DISTLIST1@DOAZLAB.COM,False,User Group Created by Badblood github.com/davidprowe/badblood,DOMAIN ADMINS@DOAZLAB.COM,Base
EV-PEO-DISTLIST1@DOAZLAB.COM,False,User Group Created by Badblood github.com/davidprowe/badblood,DOMAIN ADMINS@DOAZLAB.COM,Base
DE-1DICIEMBR-DISTLIST1@DOAZLAB.COM,False,User Group Created by Badblood github.com/davidprowe/badblood,DOMAIN ADMINS@DOAZLAB.COM,Base
RA-VEROYC120-ADMINGROUP1@DOAZLAB.COM,False,User Group Created by Badblood github.com/davidprowe/badblood,DOMAIN ADMINS@DOAZLAB.COM,Base
CL-LUISMORAL-DISTLIST1@DOAZLAB.COM,False,User Group Created by Badblood github.com/davidprowe/badblood,DOMAIN ADMINS@DOAZLAB.COM,Base
EL-ENFINLIBR-DISTLIST1@DOAZLAB.COM,False,User Group Created by Badblood github.com/davidprowe/badblood,DOMAIN ADMINS@DOAZLAB.COM,Base
TR-FLORENCIA-DISTLIST1@DOAZLAB.COM,False,User Group Created by Badblood github.com/davidprowe/badblood,DOMAIN ADMINS@DOAZLAB.COM,Base
HE-SAN-DISTLIST1@DOAZLAB.COM,False,User Group Created by Badblood github.com/davidprowe/badblood,DOMAIN ADMINS@DOAZLAB.COM,Base
SY-ROMAOMUER-DISTLIST1@DOAZLAB.COM,False,User Group Created by Badblood github.com/davidprowe/badblood,DOMAIN ADMINS@DOAZLAB.COM,Base
CL-KRI-DISTLIST1@DOAZLAB.COM,False,User Group Created by Badblood github.com/davidprowe/badblood,DOMAIN ADMINS@DOAZLAB.COM,Base
MA-AST-DISTLIST1@DOAZLAB.COM,False,User Group Created by Badblood github.com/davidprowe/badblood,DOMAIN ADMINS@DOAZLAB.COM,Base
DO-EDGAR0706-DISTLIST1@DOAZLAB.COM,False,User Group Created by Badblood github.com/davidprowe/badblood,DOMAIN ADMINS@DOAZLAB.COM,Base
MI-BAN-DISTLIST1@DOAZLAB.COM,False,User Group Created by Badblood github.com/davidprowe/badblood,DOMAIN ADMINS@DOAZLAB.COM,Base
CA-MONTESDEO-DISTLIST1@DOAZLAB.COM,False,User Group Created by Badblood github.com/davidprowe/badblood,DOMAIN ADMINS@DOAZLAB.COM,Base
14-545-DISTLIST1@DOAZLAB.COM,False,User Group Created by Badblood github.com/davidprowe/badblood,DOMAIN ADMINS@DOAZLAB.COM,Base
VI-IMMIGRAND-DISTLIST1@DOAZLAB.COM,False,User Group Created by Badblood github.com/davidprowe/badblood,DOMAIN ADMINS@DOAZLAB.COM,Base
BC-TOM-DISTLIST1@DOAZLAB.COM,False,User Group Created by Badblood github.com/davidprowe/badblood,DOMAIN ADMINS@DOAZLAB.COM,Base
TA-DIO-DISTLIST1@DOAZLAB.COM,False,User Group Created by Badblood github.com/davidprowe/badblood,DOMAIN ADMINS@DOAZLAB.COM,Base
WA-OMA-DISTLIST1@DOAZLAB.COM,False,User Group Created by Badblood github.com/davidprowe/badblood,DOMAIN ADMINS@DOAZLAB.COM,Base
MI-SOYELMEJO-DISTLIST1@DOAZLAB.COM,False,User Group Created by Badblood github.com/davidprowe/badblood,DOMAIN ADMINS@DOAZLAB.COM,Base
JA-SOPORAETE-ADMINGROUP1@DOAZLAB.COM,False,User Group Created by Badblood github.com/davidprowe/badblood,DOMAIN ADMINS@DOAZLAB.COM,Base
WA-JAG-DISTLIST1@DOAZLAB.COM,False,User Group Created by Badblood github.com/davidprowe/badblood,DOMAIN ADMINS@DOAZLAB.COM,Base
RA-625-DISTLIST1@DOAZLAB.COM,False,User Group Created by Badblood github.com/davidprowe/badblood,DOMAIN ADMINS@DOAZLAB.COM,Base
FR-STEPHANIE-DISTLIST1@DOAZLAB.COM,False,User Group Created by Badblood github.com/davidprowe/badblood,DOMAIN ADMINS@DOAZLAB.COM,Base
LO-146-ADMINGROUP1@DOAZLAB.COM,False,User Group Created by Badblood github.com/davidprowe/badblood,DOMAIN ADMINS@DOAZLAB.COM,Base
BR-TAU-DISTLIST1@DOAZLAB.COM,False,User Group Created by Badblood github.com/davidprowe/badblood,DOMAIN ADMINS@DOAZLAB.COM,Base
32-GUA-DISTLIST1@DOAZLAB.COM,False,User Group Created by Badblood github.com/davidprowe/badblood,DOMAIN ADMINS@DOAZLAB.COM,Base
JU-ANG-DISTLIST1@DOAZLAB.COM,False,User Group Created by Badblood github.com/davidprowe/badblood,DOMAIN ADMINS@DOAZLAB.COM,Base
KA-4.0-DISTLIST1@DOAZLAB.COM,False,User Group Created by Badblood github.com/davidprowe/badblood,DOMAIN ADMINS@DOAZLAB.COM,Base
CI-ARP-DISTLIST1@DOAZLAB.COM,False,User Group Created by Badblood github.com/davidprowe/badblood,DOMAIN ADMINS@DOAZLAB.COM,Base
DI-170-DISTLIST1@DOAZLAB.COM,False,User Group Created by Badblood github.com/davidprowe/badblood,DOMAIN ADMINS@DOAZLAB.COM,Base
DE-PIR-DISTLIST1@DOAZLAB.COM,False,User Group Created by Badblood github.com/davidprowe/badblood,DOMAIN ADMINS@DOAZLAB.COM,Base
SA-BERNY1520-DISTLIST1@DOAZLAB.COM,False,User Group Created by Badblood github.com/davidprowe/badblood,DOMAIN ADMINS@DOAZLAB.COM,Base
LA-ADRIANTEA-DISTLIST1@DOAZLAB.COM,False,User Group Created by Badblood github.com/davidprowe/badblood,DOMAIN ADMINS@DOAZLAB.COM,Base
MA-140178KUN-DISTLIST1@DOAZLAB.COM,False,User Group Created by Badblood github.com/davidprowe/badblood,DOMAIN ADMINS@DOAZLAB.COM,Base
LO-BER-DISTLIST1@DOAZLAB.COM,False,User Group Created by Badblood github.com/davidprowe/badblood,DOMAIN ADMINS@DOAZLAB.COM,Base
LO-MAT-DISTLIST1@DOAZLAB.COM,False,User Group Created by Badblood github.com/davidprowe/badblood,DOMAIN ADMINS@DOAZLAB.COM,Base
BE-1216ASOIE-DISTLIST1@DOAZLAB.COM,False,User Group Created by Badblood github.com/davidprowe/badblood,DOMAIN ADMINS@DOAZLAB.COM,Base
HI-ROSAMARIA-DISTLIST1@DOAZLAB.COM,False,User Group Created by Badblood github.com/davidprowe/badblood,DOMAIN ADMINS@DOAZLAB.COM,Base
CE-PALLMALL4-ADMINGROUP1@DOAZLAB.COM,False,User Group Created by Badblood github.com/davidprowe/badblood,DOMAIN ADMINS@DOAZLAB.COM,Base
EL-27OCTUBRE-ADMINGROUP1@DOAZLAB.COM,False,User Group Created by Badblood github.com/davidprowe/badblood,DOMAIN ADMINS@DOAZLAB.COM,Base
BE-260-DISTLIST1@DOAZLAB.COM,False,User Group Created by Badblood github.com/davidprowe/badblood,DOMAIN ADMINS@DOAZLAB.COM,Base
HI-NELEB2319-DISTLIST1@DOAZLAB.COM,False,User Group Created by Badblood github.com/davidprowe/badblood,DOMAIN ADMINS@DOAZLAB.COM,Base
TO-LANZAROTE-DISTLIST1@DOAZLAB.COM,False,User Group Created by Badblood github.com/davidprowe/badblood,DOMAIN ADMINS@DOAZLAB.COM,Base
CO-FLIA7415A-DISTLIST1@DOAZLAB.COM,False,User Group Created by Badblood github.com/davidprowe/badblood,DOMAIN ADMINS@DOAZLAB.COM,Base
VI-240295CAR-DISTLIST1@DOAZLAB.COM,False,User Group Created by Badblood github.com/davidprowe/badblood,DOMAIN ADMINS@DOAZLAB.COM,Base
KA-CAMINOTAM-DISTLIST1@DOAZLAB.COM,False,User Group Created by Badblood github.com/davidprowe/badblood,DOMAIN ADMINS@DOAZLAB.COM,Base
LE-DOR-DISTLIST1@DOAZLAB.COM,False,User Group Created by Badblood github.com/davidprowe/badblood,DOMAIN ADMINS@DOAZLAB.COM,Base
LU-YOL-DISTLIST1@DOAZLAB.COM,False,User Group Created by Badblood github.com/davidprowe/badblood,DOMAIN ADMINS@DOAZLAB.COM,Base
ER-JULA11047-DISTLIST1@DOAZLAB.COM,False,User Group Created by Badblood github.com/davidprowe/badblood,DOMAIN ADMINS@DOAZLAB.COM,Base
RE-LAZ-DISTLIST1@DOAZLAB.COM,False,User Group Created by Badblood github.com/davidprowe/badblood,DOMAIN ADMINS@DOAZLAB.COM,Base
LA-JUANCITO2-DISTLIST1@DOAZLAB.COM,False,User Group Created by Badblood github.com/davidprowe/badblood,DOMAIN ADMINS@DOAZLAB.COM,Base
GA-290-ADMINGROUP1@DOAZLAB.COM,False,User Group Created by Badblood github.com/davidprowe/badblood,DOMAIN ADMINS@DOAZLAB.COM,Base
EL-DIERAUEER-ADMINGROUP1@DOAZLAB.COM,False,User Group Created by Badblood github.com/davidprowe/badblood,DOMAIN ADMINS@DOAZLAB.COM,Base
HE-ASC-DISTLIST1@DOAZLAB.COM,False,User Group Created by Badblood github.com/davidprowe/badblood,DOMAIN ADMINS@DOAZLAB.COM,Base
KA-M3DEPORTI-DISTLIST1@DOAZLAB.COM,False,User Group Created by Badblood github.com/davidprowe/badblood,DOMAIN ADMINS@DOAZLAB.COM,Base
AU-404037600-DISTLIST1@DOAZLAB.COM,False,User Group Created by Badblood github.com/davidprowe/badblood,DOMAIN ADMINS@DOAZLAB.COM,Base
NX-DANIELASE-ADMINGROUP1@DOAZLAB.COM,False,User Group Created by Badblood github.com/davidprowe/badblood,DOMAIN ADMINS@DOAZLAB.COM,Base
BE-LUP-DISTLIST1@DOAZLAB.COM,False,User Group Created by Badblood github.com/davidprowe/badblood,DOMAIN ADMINS@DOAZLAB.COM,Base
HE-TWO-ADMINGROUP1@DOAZLAB.COM,False,User Group Created by Badblood github.com/davidprowe/badblood,DOMAIN ADMINS@DOAZLAB.COM,Base
AR-BEC-ADMINGROUP1@DOAZLAB.COM,False,User Group Created by Badblood github.com/davidprowe/badblood,DOMAIN ADMINS@DOAZLAB.COM,Base
WE-SISALABEL-ADMINGROUP1@DOAZLAB.COM,False,User Group Created by Badblood github.com/davidprowe/badblood,DOMAIN ADMINS@DOAZLAB.COM,Base
IL-ESC-DISTLIST1@DOAZLAB.COM,False,User Group Created by Badblood github.com/davidprowe/badblood,DOMAIN ADMINS@DOAZLAB.COM,Base
VI-FRANCISCO-DISTLIST1@DOAZLAB.COM,False,User Group Created by Badblood github.com/davidprowe/badblood,DOMAIN ADMINS@DOAZLAB.COM,Base
41-GORSEFIEL-ADMINGROUP1@DOAZLAB.COM,False,User Group Created by Badblood github.com/davidprowe/badblood,DOMAIN ADMINS@DOAZLAB.COM,Base
RO-PUK-DISTLIST1@DOAZLAB.COM,False,User Group Created by Badblood github.com/davidprowe/badblood,DOMAIN ADMINS@DOAZLAB.COM,Base
HE-24AUGUSTO-DISTLIST1@DOAZLAB.COM,False,User Group Created by Badblood github.com/davidprowe/badblood,DOMAIN ADMINS@DOAZLAB.COM,Base
DI-TWO-DISTLIST1@DOAZLAB.COM,False,User Group Created by Badblood github.com/davidprowe/badblood,DOMAIN ADMINS@DOAZLAB.COM,Base
GA-TEQ-DISTLIST1@DOAZLAB.COM,False,User Group Created by Badblood github.com/davidprowe/badblood,DOMAIN ADMINS@DOAZLAB.COM,Base
JA-CON-ADMINGROUP1@DOAZLAB.COM,False,User Group Created by Badblood github.com/davidprowe/badblood,DOMAIN ADMINS@DOAZLAB.COM,Base
LI-CES-DISTLIST1@DOAZLAB.COM,False,User Group Created by Badblood github.com/davidprowe/badblood,DOMAIN ADMINS@DOAZLAB.COM,Base
AL-GARAVITOT-ADMINGROUP1@DOAZLAB.COM,False,User Group Created by Badblood github.com/davidprowe/badblood,DOMAIN ADMINS@DOAZLAB.COM,Base
GE-CON-DISTLIST1@DOAZLAB.COM,False,User Group Created by Badblood github.com/davidprowe/badblood,DOMAIN ADMINS@DOAZLAB.COM,Base
JA-MEM-DISTLIST1@DOAZLAB.COM,False,User Group Created by Badblood github.com/davidprowe/badblood,DOMAIN ADMINS@DOAZLAB.COM,Base
JA-GRA-DISTLIST1@DOAZLAB.COM,False,User Group Created by Badblood github.com/davidprowe/badblood,DOMAIN ADMINS@DOAZLAB.COM,Base
DE-ULISES870-ADMINGROUP1@DOAZLAB.COM,False,User Group Created by Badblood github.com/davidprowe/badblood,DOMAIN ADMINS@DOAZLAB.COM,Base
65-KIRAAYADI-DISTLIST1@DOAZLAB.COM,False,User Group Created by Badblood github.com/davidprowe/badblood,DOMAIN ADMINS@DOAZLAB.COM,Base
GR-CAM-ADMINGROUP1@DOAZLAB.COM,False,User Group Created by Badblood github.com/davidprowe/badblood,DOMAIN ADMINS@DOAZLAB.COM,Base
MI-108-DISTLIST1@DOAZLAB.COM,False,User Group Created by Badblood github.com/davidprowe/badblood,DOMAIN ADMINS@DOAZLAB.COM,Base
CL-BAD-DISTLIST1@DOAZLAB.COM,False,User Group Created by Badblood github.com/davidprowe/badblood,DOMAIN ADMINS@DOAZLAB.COM,Base
HO-ISA-DISTLIST1@DOAZLAB.COM,False,User Group Created by Badblood github.com/davidprowe/badblood,DOMAIN ADMINS@DOAZLAB.COM,Base
LY-DETROITPI-DISTLIST1@DOAZLAB.COM,False,User Group Created by Badblood github.com/davidprowe/badblood,DOMAIN ADMINS@DOAZLAB.COM,Base
MA-MAT-ADMINGROUP1@DOAZLAB.COM,False,User Group Created by Badblood github.com/davidprowe/badblood,DOMAIN ADMINS@DOAZLAB.COM,Base
RI-210-ADMINGROUP1@DOAZLAB.COM,False,User Group Created by Badblood github.com/davidprowe/badblood,DOMAIN ADMINS@DOAZLAB.COM,Base
CA-301-DISTLIST1@DOAZLAB.COM,False,User Group Created by Badblood github.com/davidprowe/badblood,DOMAIN ADMINS@DOAZLAB.COM,Base
LO-WILLIS140-ADMINGROUP1@DOAZLAB.COM,False,User Group Created by Badblood github.com/davidprowe/badblood,DOMAIN ADMINS@DOAZLAB.COM,Base
BR-CHU-ADMINGROUP1@DOAZLAB.COM,False,User Group Created by Badblood github.com/davidprowe/badblood,DOMAIN ADMINS@DOAZLAB.COM,Base
MA-CHO-ADMINGROUP1@DOAZLAB.COM,False,User Group Created by Badblood github.com/davidprowe/badblood,DOMAIN ADMINS@DOAZLAB.COM,Base
ZA-BLI-DISTLIST1@DOAZLAB.COM,False,User Group Created by Badblood github.com/davidprowe/badblood,DOMAIN ADMINS@DOAZLAB.COM,Base
EA-NESKA1050-ADMINGROUP1@DOAZLAB.COM,False,User Group Created by Badblood github.com/davidprowe/badblood,DOMAIN ADMINS@DOAZLAB.COM,Base
96-HORMIGA02-DISTLIST1@DOAZLAB.COM,False,User Group Created by Badblood github.com/davidprowe/badblood,DOMAIN ADMINS@DOAZLAB.COM,Base
23-PAC-ADMINGROUP1@DOAZLAB.COM,False,User Group Created by Badblood github.com/davidprowe/badblood,DOMAIN ADMINS@DOAZLAB.COM,Base
MA-LED-DISTLIST1@DOAZLAB.COM,False,User Group Created by Badblood github.com/davidprowe/badblood,DOMAIN ADMINS@DOAZLAB.COM,Base
JA-HETA90090-DISTLIST1@DOAZLAB.COM,False,User Group Created by Badblood github.com/davidprowe/badblood,DOMAIN ADMINS@DOAZLAB.COM,Base
14-TUMEGUSTA-ADMINGROUP1@DOAZLAB.COM,False,User Group Created by Badblood github.com/davidprowe/badblood,DOMAIN ADMINS@DOAZLAB.COM,Base
TO-IER-DISTLIST1@DOAZLAB.COM,False,User Group Created by Badblood github.com/davidprowe/badblood,DOMAIN ADMINS@DOAZLAB.COM,Base
USERS@DOAZLAB.COM,False,Users are prevented from making accidental or intentional system-wide changes and can run most applications,ADMINISTRATORS@DOAZLAB.COM,Base
GUESTS@DOAZLAB.COM,False,"Guests have the same access as members of the Users group by default, except for the Guest account which is further restricted",ADMINISTRATORS@DOAZLAB.COM,Base
PRINT OPERATORS@DOAZLAB.COM,True,Members can administer printers installed on domain controllers,DOMAIN ADMINS@DOAZLAB.COM,Base
BACKUP OPERATORS@DOAZLAB.COM,True,Backup Operators can override security restrictions for the sole purpose of backing up or restoring files,DOMAIN ADMINS@DOAZLAB.COM,Base
REPLICATORS@DOAZLAB.COM,False,Supports file replication in a domain,DOMAIN ADMINS@DOAZLAB.COM,Base
REMOTE DESKTOP USERS@DOAZLAB.COM,False,Members in this group are granted the right to logon remotely,ADMINISTRATORS@DOAZLAB.COM,Base
NETWORK CONFIGURATION OPERATORS@DOAZLAB.COM,False,Members in this group can have some administrative privileges to manage configuration of networking features,ADMINISTRATORS@DOAZLAB.COM,Base
PERFORMANCE MONITOR USERS@DOAZLAB.COM,False,Members of this group can access performance counter data locally and remotely,ADMINISTRATORS@DOAZLAB.COM,Base
PERFORMANCE LOG USERS@DOAZLAB.COM,False,"Members of this group may schedule logging of performance counters, enable trace providers, and collect event traces both locally and via remote access to this computer",ADMINISTRATORS@DOAZLAB.COM,Base
DISTRIBUTED COM USERS@DOAZLAB.COM,False,"Members are allowed to launch, activate and use Distributed COM objects on this machine.",ADMINISTRATORS@DOAZLAB.COM,Base
IIS_IUSRS@DOAZLAB.COM,False,Built-in group used by Internet Information Services.,ADMINISTRATORS@DOAZLAB.COM,Base
CRYPTOGRAPHIC OPERATORS@DOAZLAB.COM,False,Members are authorized to perform cryptographic operations.,ADMINISTRATORS@DOAZLAB.COM,Base
CERTIFICATE SERVICE DCOM ACCESS@DOAZLAB.COM,False,Members of this group are allowed to connect to Certification Authorities in the enterprise,ADMINISTRATORS@DOAZLAB.COM,Base
RDS REMOTE ACCESS SERVERS@DOAZLAB.COM,False,"Servers in this group enable users of RemoteApp programs and personal virtual desktops access to these resources. In Internet-facing deployments, these servers are typically deployed in an edge network. This group needs to be populated on servers running RD Connection Broker. RD Gateway servers and RD Web Access servers used in the deployment need to be in this group.",ADMINISTRATORS@DOAZLAB.COM,Base
RDS ENDPOINT SERVERS@DOAZLAB.COM,False,Servers in this group run virtual machines and host sessions where users RemoteApp programs and personal virtual desktops run. This group needs to be populated on servers running RD Connection Broker. RD Session Host servers and RD Virtualization Host servers used in the deployment need to be in this group.,ADMINISTRATORS@DOAZLAB.COM,Base
HYPER-V ADMINISTRATORS@DOAZLAB.COM,False,Members of this group have complete and unrestricted access to all features of Hyper-V.,ADMINISTRATORS@DOAZLAB.COM,Base
ACCESS CONTROL ASSISTANCE OPERATORS@DOAZLAB.COM,False,Members of this group can remotely query authorization attributes and permissions for resources on this computer.,ADMINISTRATORS@DOAZLAB.COM,Base
REMOTE MANAGEMENT USERS@DOAZLAB.COM,False,Members of this group can access WMI resources over management protocols (such as WS-Management via the Windows Remote Management service). This applies only to WMI namespaces that grant access to the user.,ADMINISTRATORS@DOAZLAB.COM,Base
STORAGE REPLICA ADMINISTRATORS@DOAZLAB.COM,False,Members of this group have complete and unrestricted access to all features of Storage Replica.,ADMINISTRATORS@DOAZLAB.COM,Base
CERT PUBLISHERS@DOAZLAB.COM,False,Members of this group are permitted to publish certificates to the directory,DOMAIN ADMINS@DOAZLAB.COM,Base
SERVER OPERATORS@DOAZLAB.COM,True,Members can administer domain servers,DOMAIN ADMINS@DOAZLAB.COM,Base
PRE-WINDOWS 2000 COMPATIBLE ACCESS@DOAZLAB.COM,False,A backward compatibility group which allows read access on all users and groups in the domain,DOMAIN ADMINS@DOAZLAB.COM,Base
INCOMING FOREST TRUST BUILDERS@DOAZLAB.COM,False,"Members of this group can create incoming, one-way trusts to this forest",DOMAIN ADMINS@DOAZLAB.COM,Base
WINDOWS AUTHORIZATION ACCESS GROUP@DOAZLAB.COM,False,Members of this group have access to the computed tokenGroupsGlobalAndUniversal attribute on User objects,DOMAIN ADMINS@DOAZLAB.COM,Base
TERMINAL SERVER LICENSE SERVERS@DOAZLAB.COM,False,"Members of this group can update user accounts in Active Directory with information about license issuance, for the purpose of tracking and reporting TS Per User CAL usage",DOMAIN ADMINS@DOAZLAB.COM,Base
ALLOWED RODC PASSWORD REPLICATION GROUP@DOAZLAB.COM,False,Members in this group can have their passwords replicated to all read-only domain controllers in the domain,DOMAIN ADMINS@DOAZLAB.COM,Base
DENIED RODC PASSWORD REPLICATION GROUP@DOAZLAB.COM,False,Members in this group cannot have their passwords replicated to any read-only domain controllers in the domain,DOMAIN ADMINS@DOAZLAB.COM,Base
ENTERPRISE READ-ONLY DOMAIN CONTROLLERS@DOAZLAB.COM,False,Members of this group are Read-Only Domain Controllers in the enterprise,DOMAIN ADMINS@DOAZLAB.COM,Base
