User,Group
ASHLEE_FIELDS@DOAZLAB.COM,DOMAIN ADMINS@DOAZLAB.COM
SAMUEL_NAVARRO@DOAZLAB.COM,DOMAIN ADMINS@DOAZLAB.COM
GERTRUDE_GRIMES@DOAZLAB.COM,DOMAIN ADMINS@DOAZLAB.COM
BENJAMIN_MCNEIL@DOAZLAB.COM,DOMAIN ADMINS@DOAZLAB.COM
DOLABSDA@DOAZLAB.COM,DOMAIN ADMINS@DOAZLAB.COM
MINDY_BROCK@DOAZLAB.COM,DOMAIN ADMINS@DOAZLAB.COM
DOADMIN@DOAZLAB.COM,DOMAIN ADMINS@DOAZLAB.COM
SSILVER@DOAZLAB.COM,DOMAIN ADMINS@DOAZLAB.COM
RAPHAEL_BOLTON@DOAZLAB.COM,ADMINISTRATORS@DOAZLAB.COM
DOADMIN@DOAZLAB.COM,ADMINISTRATORS@DOAZLAB.COM
SUZETTE_WILLIAM@DOAZLAB.COM,ADMINISTRATORS@DOAZLAB.COM
LINDA_HERMAN@DOAZLAB.COM,ADMINISTRATORS@DOAZLAB.COM
ASHLEE_FIELDS@DOAZLAB.COM,ADMINISTRATORS@DOAZLAB.COM
SAMUEL_NAVARRO@DOAZLAB.COM,ADMINISTRATORS@DOAZLAB.COM
GERTRUDE_GRIMES@DOAZLAB.COM,ADMINISTRATORS@DOAZLAB.COM
BENJAMIN_MCNEIL@DOAZLAB.COM,ADMINISTRATORS@DOAZLAB.COM
DOLABSDA@DOAZLAB.COM,ADMINISTRATORS@DOAZLAB.COM
MINDY_BROCK@DOAZLAB.COM,ADMINISTRATORS@DOAZLAB.COM
DOADMIN@DOAZLAB.COM,ADMINISTRATORS@DOAZLAB.COM
SSILVER@DOAZLAB.COM,ADMINISTRATORS@DOAZLAB.COM
SSILVER@DOAZLAB.COM,ADMINISTRATORS@DOAZLAB.COM
DOADMIN@DOAZLAB.COM,ADMINISTRATORS@DOAZLAB.COM
SSILVER@DOAZLAB.COM,ENTERPRISE ADMINS@DOAZLAB.COM
DOADMIN@DOAZLAB.COM,ENTERPRISE ADMINS@DOAZLAB.COM
BENITA_MORRISON@DOAZLAB.COM,ACCOUNT OPERATORS@DOAZLAB.COM
SHAUNA_WHITNEY@DOAZLAB.COM,ACCOUNT OPERATORS@DOAZLAB.COM
2259425603SA@DOAZLAB.COM,DOMAIN CONTROLLERS@DOAZLAB.COM
RODNEY_FRANKLIN@DOAZLAB.COM,DOMAIN CONTROLLERS@DOAZLAB.COM
CLIFTON_SIMS@DOAZLAB.COM,PRINT OPERATORS@DOAZLAB.COM
ALISSA_HUFFMAN@DOAZLAB.COM,PRINT OPERATORS@DOAZLAB.COM
SIDNEY_ROSE@DOAZLAB.COM,BACKUP OPERATORS@DOAZLAB.COM
DEANN_BLANCHARD@DOAZLAB.COM,BACKUP OPERATORS@DOAZLAB.COM
KAREEM_MADDOX@DOAZLAB.COM,SERVER OPERATORS@DOAZLAB.COM
