Username,DisplayName,Description,Title,PasswordNeverExpires,PasswordNotRequired,Sensitive,AdminCount,SPNs
JEFF_MULLINS@DOAZLAB.COM,JEFF_MULLINS,Created with secframe.com/badblood.,,False,False,False,False,[]
WINFRED_MENDOZA@DOAZLAB.COM,WINFRED_MENDOZA,Created with secframe.com/badblood.,,False,False,False,False,[]
DARLENE_JENKINS@DOAZLAB.COM,DARLENE_JENKINS,Created with secframe.com/badblood.,,False,False,False,False,[]
ELSIE_DODSON@DOAZLAB.COM,ELSIE_DODSON,Created with secframe.com/badblood.,,False,False,False,False,[]
BETTY_GREEN@DOAZLAB.COM,BETTY_GREEN,Created with secframe.com/badblood.,,False,False,False,False,[]
WALTER_MACK@DOAZLAB.COM,WALTER_MACK,Created with secframe.com/badblood.,,False,False,False,False,[]
WALLACE_GAMBLE@DOAZLAB.COM,WALLACE_GAMBLE,Created with secframe.com/badblood.,,False,False,False,False,[]
THOMAS_ROBERSON@DOAZLAB.COM,THOMAS_ROBERSON,Created with secframe.com/badblood.,,False,False,False,False,[]
JANINE_WYATT@DOAZLAB.COM,JANINE_WYATT,Created with secframe.com/badblood.,,False,False,False,False,[]
QUINTON_HORNE@DOAZLAB.COM,QUINTON_HORNE,Created with secframe.com/badblood.,,False,False,False,False,[]
9842455516SA@DOAZLAB.COM,9842455516SA,Created with secframe.com/badblood.,,False,False,False,False,[]
WINFRED_RAMIREZ@DOAZLAB.COM,WINFRED_RAMIREZ,Created with secframe.com/badblood.,,False,False,False,False,[]
LAMONT_ROGERS@DOAZLAB.COM,LAMONT_ROGERS,Created with secframe.com/badblood.,,False,False,False,False,[]
JILLIAN_SANDERS@DOAZLAB.COM,JILLIAN_SANDERS,Created with secframe.com/badblood.,,False,False,False,False,[]
DOLLY_CRAWFORD@DOAZLAB.COM,DOLLY_CRAWFORD,Created with secframe.com/badblood.,,False,False,False,False,[]
BERNADETTE_NORTON@DOAZLAB.COM,BERNADETTE_NORTON,Created with secframe.com/badblood.,,False,False,False,False,[]
CAROL_ELLISON@DOAZLAB.COM,CAROL_ELLISON,Created with secframe.com/badblood.,,False,False,False,False,[]
TAD_BRYAN@DOAZLAB.COM,TAD_BRYAN,Created with secframe.com/badblood.,,False,False,False,False,[]
EVERETT_MARSHALL@DOAZLAB.COM,EVERETT_MARSHALL,Created with secframe.com/badblood.,,False,False,False,False,[]
HOWARD_NUNEZ@DOAZLAB.COM,HOWARD_NUNEZ,Created with secframe.com/badblood.,,False,False,False,False,[]
6599695577SA@DOAZLAB.COM,6599695577SA,Created with secframe.com/badblood.,,False,False,False,False,[]
MARIA_CHEN@DOAZLAB.COM,MARIA_CHEN,Created with secframe.com/badblood.,,False,False,False,False,[]
ORLANDO_CHANEY@DOAZLAB.COM,ORLANDO_CHANEY,Created with secframe.com/badblood.,,False,False,False,False,[]
GLENDA_RICHARD@DOAZLAB.COM,GLENDA_RICHARD,Created with secframe.com/badblood.,,False,False,False,False,[]
KURT_TAYLOR@DOAZLAB.COM,KURT_TAYLOR,Created with secframe.com/badblood.,,False,False,False,False,[]
HENRIETTA_HARDIN@DOAZLAB.COM,HENRIETTA_HARDIN,Created with secframe.com/badblood.,,False,False,False,False,[]
CHRISTINA_RICHARDS@DOAZLAB.COM,CHRISTINA_RICHARDS,Created with secframe.com/badblood.,,False,False,False,False,[]
ARLENE_GOULD@DOAZLAB.COM,ARLENE_GOULD,Created with secframe.com/badblood.,,False,False,False,False,[]
LYNETTE_MOODY@DOAZLAB.COM,LYNETTE_MOODY,Created with secframe.com/badblood.,,False,False,False,False,[]
CINDY_MANNING@DOAZLAB.COM,CINDY_MANNING,Created with secframe.com/badblood.,,False,False,False,False,[]
CARLO_FREEMAN@DOAZLAB.COM,CARLO_FREEMAN,Created with secframe.com/badblood.,,False,False,False,False,[]
BARNEY_MCMILLAN@DOAZLAB.COM,BARNEY_MCMILLAN,Created with secframe.com/badblood.,,False,False,False,False,[]
WINFRED_DANIEL@DOAZLAB.COM,WINFRED_DANIEL,Created with secframe.com/badblood.,,False,False,False,False,['POP3/SECWLPT1000002']
CANDY_HUMPHREY@DOAZLAB.COM,CANDY_HUMPHREY,Created with secframe.com/badblood.,,False,False,False,False,[]
