Name,DisplayName,Enabled,HighValue,Description,Title,PWDNeverExpires,PWDNotReqd,Sensitive,AdminCount,SPN,PWDLastSet,LastLogonTimeStamp
BHORRARAH@DOAZLAB.COM,Horrarah Bridget,True,False,,HR Director,True,False,False,False,[],2024-06-14T03:56:37Z,1969-12-31T23:59:59Z
BCLEAVER@DOAZLAB.COM,Cleaver Betty,True,False,,Sales Engineer,True,False,False,False,[],2024-06-14T03:56:37Z,1969-12-31T23:59:59Z
CLIKEN@DOAZLAB.COM,Liken Christopher,True,False,,VP,True,False,False,False,[],2024-06-14T03:56:37Z,1969-12-31T23:59:59Z
SYSMONSVC@DOAZLAB.COM,MS Sysmon,True,False,,Service Account,True,False,False,False,['Sysmon/doazlab.com'],2024-06-14T03:56:37Z,1969-12-31T23:59:59Z
NXLOGSVC@DOAZLAB.COM,Shipper Nxlog,True,False,,Service Account,True,False,False,False,['Nxlog/doazlab.com'],2024-06-14T03:56:38Z,1969-12-31T23:59:59Z
DOLABSANYREAD@DOAZLAB.COM,DOLabsAnyRead,True,False,,,True,False,False,False,[],2024-06-14T04:43:21Z,1969-12-31T23:59:59Z
SSILVER@DOAZLAB.COM,Silver Sandy,True,False,,CIO,True,False,False,True,[],2024-06-14T03:56:37Z,1969-12-31T23:59:59Z
ELLA_MEJIA@DOAZLAB.COM,,True,False,Just so I dont forget my password is Yzafqau7r3EQdrdw!#Eiunp,Lead Investigator,True,False,False,False,[],2024-06-14T04:44:22Z,1969-12-31T23:59:59Z
GUEST@DOAZLAB.COM,,False,False,Built-in account for guest access to the computer/domain,,True,True,False,False,[],1969-12-31T23:59:59Z,1969-12-31T23:59:59Z
