Username,DisplayName,Description,Enabled,AdminCount,PassNeverExpire,PWDLastSet,LastLogonTimeStamp
DOADMIN@DOAZLAB.COM,,Built-in account for administering the computer/domain,True,True,False,2024-06-13T20:17:44Z,2024-06-14T03:56:36Z
KRBTGT@DOAZLAB.COM,,Key Distribution Center Service Account,False,True,False,2024-06-14T03:54:38Z,1969-12-31T23:59:59Z
BHORRARAH@DOAZLAB.COM,Horrarah Bridget,,True,False,True,2024-06-14T03:56:37Z,1969-12-31T23:59:59Z
BCLEAVER@DOAZLAB.COM,Cleaver Betty,,True,False,True,2024-06-14T03:56:37Z,1969-12-31T23:59:59Z
CLIKEN@DOAZLAB.COM,Liken Christopher,,True,False,True,2024-06-14T03:56:37Z,1969-12-31T23:59:59Z
SYSMONSVC@DOAZLAB.COM,MS Sysmon,,True,False,True,2024-06-14T03:56:37Z,1969-12-31T23:59:59Z
SSILVER@DOAZLAB.COM,Silver Sandy,,True,True,True,2024-06-14T03:56:37Z,1969-12-31T23:59:59Z
NXLOGSVC@DOAZLAB.COM,Shipper Nxlog,,True,False,True,2024-06-14T03:56:38Z,1969-12-31T23:59:59Z
JEFF_MULLINS@DOAZLAB.COM,JEFF_MULLINS,Created with secframe.com/badblood.,True,False,False,2024-06-14T04:33:08Z,1969-12-31T23:59:59Z
GEORGIA_CANTU@DOAZLAB.COM,GEORGIA_CANTU,Created with secframe.com/badblood.,True,False,False,2024-06-14T04:33:08Z,1969-12-31T23:59:59Z
JACKSON_LESTER@DOAZLAB.COM,JACKSON_LESTER,Created with secframe.com/badblood.,True,False,False,2024-06-14T04:33:08Z,1969-12-31T23:59:59Z
9842455516SA@DOAZLAB.COM,9842455516SA,Created with secframe.com/badblood.,True,False,False,2024-06-14T04:33:08Z,1969-12-31T23:59:59Z
ANNMARIE_COHEN@DOAZLAB.COM,ANNMARIE_COHEN,Created with secframe.com/badblood.,True,False,False,2024-06-14T04:33:09Z,1969-12-31T23:59:59Z
MARIAN_VALENTINE@DOAZLAB.COM,MARIAN_VALENTINE,Created with secframe.com/badblood.,True,False,False,2024-06-14T04:33:09Z,1969-12-31T23:59:59Z
TOBY_WOODARD@DOAZLAB.COM,TOBY_WOODARD,Created with secframe.com/badblood.,True,False,False,2024-06-14T04:33:09Z,1969-12-31T23:59:59Z
BART_SNOW@DOAZLAB.COM,BART_SNOW,Created with secframe.com/badblood.,True,False,False,2024-06-14T04:33:09Z,1969-12-31T23:59:59Z
3291982832SA@DOAZLAB.COM,3291982832SA,Created with secframe.com/badblood.,True,False,False,2024-06-14T04:33:09Z,1969-12-31T23:59:59Z
ELLIS_DONALDSON@DOAZLAB.COM,ELLIS_DONALDSON,Created with secframe.com/badblood.,True,False,False,2024-06-14T04:33:10Z,1969-12-31T23:59:59Z
CELESTE_FREEMAN@DOAZLAB.COM,CELESTE_FREEMAN,Created with secframe.com/badblood.,True,False,False,2024-06-14T04:33:10Z,1969-12-31T23:59:59Z
WINFRED_MENDOZA@DOAZLAB.COM,WINFRED_MENDOZA,Created with secframe.com/badblood.,True,False,False,2024-06-14T04:33:10Z,1969-12-31T23:59:59Z
WILL_DELANEY@DOAZLAB.COM,WILL_DELANEY,Created with secframe.com/badblood.,True,False,False,2024-06-14T04:33:10Z,1969-12-31T23:59:59Z
TRENT_MATHIS@DOAZLAB.COM,TRENT_MATHIS,Created with secframe.com/badblood.,True,False,False,2024-06-14T04:33:11Z,1969-12-31T23:59:59Z
ALISA_PERKINS@DOAZLAB.COM,ALISA_PERKINS,Created with secframe.com/badblood.,True,False,False,2024-06-14T04:33:11Z,1969-12-31T23:59:59Z
INA_MURRAY@DOAZLAB.COM,INA_MURRAY,Created with secframe.com/badblood.,True,False,False,2024-06-14T04:33:11Z,1969-12-31T23:59:59Z
NANETTE_FARRELL@DOAZLAB.COM,NANETTE_FARRELL,Created with secframe.com/badblood.,True,False,False,2024-06-14T04:33:11Z,1969-12-31T23:59:59Z
9621193281SA@DOAZLAB.COM,9621193281SA,Created with secframe.com/badblood.,True,False,False,2024-06-14T04:33:11Z,1969-12-31T23:59:59Z
DELORES_WARD@DOAZLAB.COM,DELORES_WARD,Created with secframe.com/badblood.,True,False,False,2024-06-14T04:33:12Z,1969-12-31T23:59:59Z
SHAUNA_WHITNEY@DOAZLAB.COM,SHAUNA_WHITNEY,Created with secframe.com/badblood.,True,True,False,2024-06-14T04:33:12Z,1969-12-31T23:59:59Z
CLINT_EWING@DOAZLAB.COM,CLINT_EWING,Created with secframe.com/badblood.,True,False,False,2024-06-14T04:33:12Z,1969-12-31T23:59:59Z
VIRGINIA_DAVENPORT@DOAZLAB.COM,VIRGINIA_DAVENPORT,Created with secframe.com/badblood.,True,False,False,2024-06-14T04:33:12Z,1969-12-31T23:59:59Z
ENRIQUE_BUCKLEY@DOAZLAB.COM,ENRIQUE_BUCKLEY,Created with secframe.com/badblood.,True,False,False,2024-06-14T04:33:12Z,1969-12-31T23:59:59Z
MARCELO_VINSON@DOAZLAB.COM,MARCELO_VINSON,Created with secframe.com/badblood.,True,False,False,2024-06-14T04:33:13Z,1969-12-31T23:59:59Z
CLARK_RIVERA@DOAZLAB.COM,CLARK_RIVERA,Created with secframe.com/badblood.,True,False,False,2024-06-14T04:33:13Z,1969-12-31T23:59:59Z
MARK_BOONE@DOAZLAB.COM,MARK_BOONE,Created with secframe.com/badblood.,True,False,False,2024-06-14T04:33:13Z,1969-12-31T23:59:59Z
WALLACE_GAMBLE@DOAZLAB.COM,WALLACE_GAMBLE,Created with secframe.com/badblood.,True,False,False,2024-06-14T04:33:13Z,1969-12-31T23:59:59Z
MAGDALENA_MCCONNELL@DOAZLAB.COM,MAGDALENA_MCCONNELL,Created with secframe.com/badblood.,True,False,False,2024-06-14T04:33:14Z,1969-12-31T23:59:59Z
ROBERT_RAYMOND@DOAZLAB.COM,ROBERT_RAYMOND,Created with secframe.com/badblood.,True,False,False,2024-06-14T04:33:14Z,1969-12-31T23:59:59Z
DARLENE_JENKINS@DOAZLAB.COM,DARLENE_JENKINS,Created with secframe.com/badblood.,True,False,False,2024-06-14T04:33:14Z,1969-12-31T23:59:59Z
JACKLYN_CABRERA@DOAZLAB.COM,JACKLYN_CABRERA,Created with secframe.com/badblood.,True,False,False,2024-06-14T04:33:14Z,1969-12-31T23:59:59Z
SOLOMON_ROWLAND@DOAZLAB.COM,SOLOMON_ROWLAND,Created with secframe.com/badblood.,True,False,False,2024-06-14T04:33:15Z,1969-12-31T23:59:59Z
YONG_TODD@DOAZLAB.COM,YONG_TODD,Just so I dont forget my password is wjN#ewzbHMhgnY!j73d!RP5uL,True,False,False,2024-06-14T04:33:15Z,1969-12-31T23:59:59Z
ELSIE_DODSON@DOAZLAB.COM,ELSIE_DODSON,Created with secframe.com/badblood.,True,False,False,2024-06-14T04:33:15Z,1969-12-31T23:59:59Z
KAREEM_MADDOX@DOAZLAB.COM,KAREEM_MADDOX,Created with secframe.com/badblood.,True,True,False,2024-06-14T04:33:15Z,1969-12-31T23:59:59Z
LAURI_UNDERWOOD@DOAZLAB.COM,LAURI_UNDERWOOD,Created with secframe.com/badblood.,True,False,False,2024-06-14T04:33:15Z,1969-12-31T23:59:59Z
CLAYTON_RUSSO@DOAZLAB.COM,CLAYTON_RUSSO,Created with secframe.com/badblood.,True,False,False,2024-06-14T04:33:16Z,1969-12-31T23:59:59Z
MARSHA_FLETCHER@DOAZLAB.COM,MARSHA_FLETCHER,Created with secframe.com/badblood.,True,False,False,2024-06-14T04:33:16Z,1969-12-31T23:59:59Z
MIKE_MARTIN@DOAZLAB.COM,MIKE_MARTIN,Created with secframe.com/badblood.,True,False,False,2024-06-14T04:33:16Z,1969-12-31T23:59:59Z
LAVERNE_BRANCH@DOAZLAB.COM,LAVERNE_BRANCH,Created with secframe.com/badblood.,True,False,False,2024-06-14T04:33:16Z,1969-12-31T23:59:59Z
ELLA_MACK@DOAZLAB.COM,ELLA_MACK,Created with secframe.com/badblood.,True,False,False,2024-06-14T04:33:16Z,1969-12-31T23:59:59Z
BETTY_GREEN@DOAZLAB.COM,BETTY_GREEN,Created with secframe.com/badblood.,True,False,False,2024-06-14T04:33:17Z,1969-12-31T23:59:59Z
ANDREA_BASS@DOAZLAB.COM,ANDREA_BASS,Created with secframe.com/badblood.,True,False,False,2024-06-14T04:33:17Z,1969-12-31T23:59:59Z
EARNEST_EVANS@DOAZLAB.COM,EARNEST_EVANS,Created with secframe.com/badblood.,True,False,False,2024-06-14T04:33:17Z,1969-12-31T23:59:59Z
CORNELIUS_FRAZIER@DOAZLAB.COM,CORNELIUS_FRAZIER,Created with secframe.com/badblood.,True,False,False,2024-06-14T04:33:17Z,1969-12-31T23:59:59Z
WILBURN_DUNLAP@DOAZLAB.COM,WILBURN_DUNLAP,Created with secframe.com/badblood.,True,False,False,2024-06-14T04:33:18Z,1969-12-31T23:59:59Z
EDMUND_BRIGHT@DOAZLAB.COM,EDMUND_BRIGHT,Created with secframe.com/badblood.,True,False,False,2024-06-14T04:33:18Z,1969-12-31T23:59:59Z
MURIEL_LIVINGSTON@DOAZLAB.COM,MURIEL_LIVINGSTON,Created with secframe.com/badblood.,True,False,False,2024-06-14T04:33:18Z,1969-12-31T23:59:59Z
WALTER_MACK@DOAZLAB.COM,WALTER_MACK,Created with secframe.com/badblood.,True,False,False,2024-06-14T04:33:18Z,1969-12-31T23:59:59Z
MYRON_HEBERT@DOAZLAB.COM,MYRON_HEBERT,Created with secframe.com/badblood.,True,False,False,2024-06-14T04:33:18Z,1969-12-31T23:59:59Z
LOIS_EVERETT@DOAZLAB.COM,LOIS_EVERETT,Created with secframe.com/badblood.,True,True,False,2024-06-14T04:33:19Z,1969-12-31T23:59:59Z
JEANNINE_JACKSON@DOAZLAB.COM,JEANNINE_JACKSON,Created with secframe.com/badblood.,True,False,False,2024-06-14T04:33:19Z,1969-12-31T23:59:59Z
HERMINIA_CRANE@DOAZLAB.COM,HERMINIA_CRANE,Created with secframe.com/badblood.,True,False,False,2024-06-14T04:33:19Z,1969-12-31T23:59:59Z
THOMAS_ROBERSON@DOAZLAB.COM,THOMAS_ROBERSON,Created with secframe.com/badblood.,True,False,False,2024-06-14T04:33:19Z,1969-12-31T23:59:59Z
AILEEN_RIVAS@DOAZLAB.COM,AILEEN_RIVAS,Created with secframe.com/badblood.,True,False,False,2024-06-14T04:33:20Z,1969-12-31T23:59:59Z
TROY_TRAVIS@DOAZLAB.COM,TROY_TRAVIS,Created with secframe.com/badblood.,True,False,False,2024-06-14T04:33:20Z,1969-12-31T23:59:59Z
HUMBERTO_BOND@DOAZLAB.COM,HUMBERTO_BOND,Created with secframe.com/badblood.,True,False,False,2024-06-14T04:33:20Z,1969-12-31T23:59:59Z
HARVEY_WEAVER@DOAZLAB.COM,HARVEY_WEAVER,Created with secframe.com/badblood.,True,False,False,2024-06-14T04:33:20Z,1969-12-31T23:59:59Z
JACQUES_BRAY@DOAZLAB.COM,JACQUES_BRAY,Created with secframe.com/badblood.,True,False,False,2024-06-14T04:33:20Z,1969-12-31T23:59:59Z
FIDEL_MCFADDEN@DOAZLAB.COM,FIDEL_MCFADDEN,Created with secframe.com/badblood.,True,False,False,2024-06-14T04:33:21Z,1969-12-31T23:59:59Z
LETHA_DELGADO@DOAZLAB.COM,LETHA_DELGADO,Created with secframe.com/badblood.,True,False,False,2024-06-14T04:33:21Z,1969-12-31T23:59:59Z
BERTHA_BREWER@DOAZLAB.COM,BERTHA_BREWER,Created with secframe.com/badblood.,True,False,False,2024-06-14T04:33:21Z,1969-12-31T23:59:59Z
SIDNEY_ROSE@DOAZLAB.COM,SIDNEY_ROSE,Created with secframe.com/badblood.,True,True,False,2024-06-14T04:33:21Z,1969-12-31T23:59:59Z
ALISHA_SMITH@DOAZLAB.COM,ALISHA_SMITH,Created with secframe.com/badblood.,True,False,False,2024-06-14T04:33:21Z,1969-12-31T23:59:59Z
VALERIE_CALDWELL@DOAZLAB.COM,VALERIE_CALDWELL,Created with secframe.com/badblood.,True,False,False,2024-06-14T04:33:22Z,1969-12-31T23:59:59Z
JARROD_HULL@DOAZLAB.COM,JARROD_HULL,Created with secframe.com/badblood.,True,False,False,2024-06-14T04:33:22Z,1969-12-31T23:59:59Z
IVY_KRAMER@DOAZLAB.COM,IVY_KRAMER,Created with secframe.com/badblood.,True,False,False,2024-06-14T04:33:22Z,1969-12-31T23:59:59Z
SANDRA_BARTON@DOAZLAB.COM,SANDRA_BARTON,Created with secframe.com/badblood.,True,False,False,2024-06-14T04:33:22Z,1969-12-31T23:59:59Z
INA_GREGORY@DOAZLAB.COM,INA_GREGORY,Created with secframe.com/badblood.,True,False,False,2024-06-14T04:33:23Z,1969-12-31T23:59:59Z
ROSARIO_BECKER@DOAZLAB.COM,ROSARIO_BECKER,Created with secframe.com/badblood.,True,False,False,2024-06-14T04:33:23Z,1969-12-31T23:59:59Z
WILLIE_PARRISH@DOAZLAB.COM,WILLIE_PARRISH,Created with secframe.com/badblood.,True,False,False,2024-06-14T04:33:23Z,1969-12-31T23:59:59Z
HAL_SAUNDERS@DOAZLAB.COM,HAL_SAUNDERS,Created with secframe.com/badblood.,True,False,False,2024-06-14T04:33:23Z,1969-12-31T23:59:59Z
MARIE_PARKER@DOAZLAB.COM,MARIE_PARKER,Created with secframe.com/badblood.,True,False,False,2024-06-14T04:33:24Z,1969-12-31T23:59:59Z
LORA_HERRING@DOAZLAB.COM,LORA_HERRING,Created with secframe.com/badblood.,True,False,False,2024-06-14T04:33:24Z,1969-12-31T23:59:59Z
ISABELLA_JACOBSON@DOAZLAB.COM,ISABELLA_JACOBSON,Created with secframe.com/badblood.,True,False,False,2024-06-14T04:33:24Z,1969-12-31T23:59:59Z
ELIAS_MERRILL@DOAZLAB.COM,ELIAS_MERRILL,Created with secframe.com/badblood.,True,False,False,2024-06-14T04:33:24Z,1969-12-31T23:59:59Z
LENARD_BURCH@DOAZLAB.COM,LENARD_BURCH,Created with secframe.com/badblood.,True,False,False,2024-06-14T04:33:24Z,1969-12-31T23:59:59Z
TOBY_STEELE@DOAZLAB.COM,TOBY_STEELE,Created with secframe.com/badblood.,True,False,False,2024-06-14T04:33:25Z,1969-12-31T23:59:59Z
CHUCK_SOLOMON@DOAZLAB.COM,CHUCK_SOLOMON,Created with secframe.com/badblood.,True,False,False,2024-06-14T04:33:25Z,1969-12-31T23:59:59Z
ADAM_POOLE@DOAZLAB.COM,ADAM_POOLE,Created with secframe.com/badblood.,True,False,False,2024-06-14T04:33:25Z,1969-12-31T23:59:59Z
RICKEY_LANGLEY@DOAZLAB.COM,RICKEY_LANGLEY,Created with secframe.com/badblood.,True,False,False,2024-06-14T04:33:25Z,1969-12-31T23:59:59Z
MOHAMED_RICE@DOAZLAB.COM,MOHAMED_RICE,Created with secframe.com/badblood.,True,False,False,2024-06-14T04:33:26Z,1969-12-31T23:59:59Z
JANIE_MYERS@DOAZLAB.COM,JANIE_MYERS,Created with secframe.com/badblood.,True,False,False,2024-06-14T04:33:26Z,1969-12-31T23:59:59Z
MIGUEL_MCCLAIN@DOAZLAB.COM,MIGUEL_MCCLAIN,Created with secframe.com/badblood.,True,False,False,2024-06-14T04:33:26Z,1969-12-31T23:59:59Z
TERI_KANE@DOAZLAB.COM,TERI_KANE,Created with secframe.com/badblood.,True,False,False,2024-06-14T04:33:26Z,1969-12-31T23:59:59Z
JANINE_WYATT@DOAZLAB.COM,JANINE_WYATT,Created with secframe.com/badblood.,True,False,False,2024-06-14T04:33:26Z,1969-12-31T23:59:59Z
CARMINE_DEAN@DOAZLAB.COM,CARMINE_DEAN,Created with secframe.com/badblood.,True,False,False,2024-06-14T04:33:27Z,1969-12-31T23:59:59Z
BENNETT_PIERCE@DOAZLAB.COM,BENNETT_PIERCE,Created with secframe.com/badblood.,True,False,False,2024-06-14T04:33:27Z,1969-12-31T23:59:59Z
COURTNEY_NEWTON@DOAZLAB.COM,COURTNEY_NEWTON,Created with secframe.com/badblood.,True,False,False,2024-06-14T04:33:27Z,1969-12-31T23:59:59Z
GAYLE_MCPHERSON@DOAZLAB.COM,GAYLE_MCPHERSON,Created with secframe.com/badblood.,True,False,False,2024-06-14T04:33:27Z,1969-12-31T23:59:59Z
CARRIE_BERNARD@DOAZLAB.COM,CARRIE_BERNARD,Created with secframe.com/badblood.,True,False,False,2024-06-14T04:33:27Z,1969-12-31T23:59:59Z
IRIS_FOLEY@DOAZLAB.COM,IRIS_FOLEY,Created with secframe.com/badblood.,True,False,False,2024-06-14T04:33:28Z,1969-12-31T23:59:59Z
LENARD_STOKES@DOAZLAB.COM,LENARD_STOKES,Created with secframe.com/badblood.,True,False,False,2024-06-14T04:33:28Z,1969-12-31T23:59:59Z
DONALD_MCGEE@DOAZLAB.COM,DONALD_MCGEE,Created with secframe.com/badblood.,True,False,False,2024-06-14T04:33:28Z,1969-12-31T23:59:59Z
BRENDAN_HERRERA@DOAZLAB.COM,BRENDAN_HERRERA,Created with secframe.com/badblood.,True,False,False,2024-06-14T04:33:28Z,1969-12-31T23:59:59Z
8260098846SA@DOAZLAB.COM,8260098846SA,Created with secframe.com/badblood.,True,False,False,2024-06-14T04:33:29Z,1969-12-31T23:59:59Z
QUINTON_HORNE@DOAZLAB.COM,QUINTON_HORNE,Created with secframe.com/badblood.,True,False,False,2024-06-14T04:33:29Z,1969-12-31T23:59:59Z
ALLISON_MULLEN@DOAZLAB.COM,ALLISON_MULLEN,Created with secframe.com/badblood.,True,False,False,2024-06-14T04:33:29Z,1969-12-31T23:59:59Z
DARRYL_GREGORY@DOAZLAB.COM,DARRYL_GREGORY,Created with secframe.com/badblood.,True,False,False,2024-06-14T04:33:29Z,1969-12-31T23:59:59Z
MARGARITO_BLACK@DOAZLAB.COM,MARGARITO_BLACK,Created with secframe.com/badblood.,True,False,False,2024-06-14T04:33:29Z,1969-12-31T23:59:59Z
MURIEL_HARDING@DOAZLAB.COM,MURIEL_HARDING,Created with secframe.com/badblood.,True,False,False,2024-06-14T04:33:30Z,1969-12-31T23:59:59Z
GERTRUDE_GRIMES@DOAZLAB.COM,GERTRUDE_GRIMES,Created with secframe.com/badblood.,True,True,False,2024-06-14T04:33:30Z,1969-12-31T23:59:59Z
DOLLIE_BURTON@DOAZLAB.COM,DOLLIE_BURTON,Created with secframe.com/badblood.,True,False,False,2024-06-14T04:33:30Z,1969-12-31T23:59:59Z
INA_MONTGOMERY@DOAZLAB.COM,INA_MONTGOMERY,Created with secframe.com/badblood.,True,False,False,2024-06-14T04:33:30Z,1969-12-31T23:59:59Z
ROSA_HAYES@DOAZLAB.COM,ROSA_HAYES,Created with secframe.com/badblood.,True,False,False,2024-06-14T04:33:30Z,1969-12-31T23:59:59Z
JANA_KOCH@DOAZLAB.COM,JANA_KOCH,Created with secframe.com/badblood.,True,False,False,2024-06-14T04:33:31Z,1969-12-31T23:59:59Z
7874179025SA@DOAZLAB.COM,7874179025SA,Created with secframe.com/badblood.,True,True,False,2024-06-14T04:33:31Z,1969-12-31T23:59:59Z
RICO_MARQUEZ@DOAZLAB.COM,RICO_MARQUEZ,Created with secframe.com/badblood.,True,False,False,2024-06-14T04:33:31Z,1969-12-31T23:59:59Z
BERTIE_BRANCH@DOAZLAB.COM,BERTIE_BRANCH,Created with secframe.com/badblood.,True,False,False,2024-06-14T04:33:31Z,1969-12-31T23:59:59Z
BRADFORD_CLEMENTS@DOAZLAB.COM,BRADFORD_CLEMENTS,Created with secframe.com/badblood.,True,False,False,2024-06-14T04:33:31Z,1969-12-31T23:59:59Z
KELLEY_MORTON@DOAZLAB.COM,KELLEY_MORTON,Created with secframe.com/badblood.,True,False,False,2024-06-14T04:33:32Z,1969-12-31T23:59:59Z
HERMAN_CARNEY@DOAZLAB.COM,HERMAN_CARNEY,Created with secframe.com/badblood.,True,False,False,2024-06-14T04:33:32Z,1969-12-31T23:59:59Z
GREGG_TOWNSEND@DOAZLAB.COM,GREGG_TOWNSEND,Created with secframe.com/badblood.,True,False,False,2024-06-14T04:33:32Z,1969-12-31T23:59:59Z
VICKI_KEITH@DOAZLAB.COM,VICKI_KEITH,Created with secframe.com/badblood.,True,False,False,2024-06-14T04:33:32Z,1969-12-31T23:59:59Z
DEVIN_STUART@DOAZLAB.COM,DEVIN_STUART,Created with secframe.com/badblood.,True,False,False,2024-06-14T04:33:33Z,1969-12-31T23:59:59Z
DONN_MCKENZIE@DOAZLAB.COM,DONN_MCKENZIE,Created with secframe.com/badblood.,True,False,False,2024-06-14T04:33:33Z,1969-12-31T23:59:59Z
WESLEY_ENGLAND@DOAZLAB.COM,WESLEY_ENGLAND,Created with secframe.com/badblood.,True,False,False,2024-06-14T04:33:33Z,1969-12-31T23:59:59Z
NOEMI_HIGGINS@DOAZLAB.COM,NOEMI_HIGGINS,Created with secframe.com/badblood.,True,False,False,2024-06-14T04:33:33Z,1969-12-31T23:59:59Z
JONAS_GILLESPIE@DOAZLAB.COM,JONAS_GILLESPIE,Created with secframe.com/badblood.,True,False,False,2024-06-14T04:33:33Z,1969-12-31T23:59:59Z
EDDIE_FOWLER@DOAZLAB.COM,EDDIE_FOWLER,Created with secframe.com/badblood.,True,False,False,2024-06-14T04:33:34Z,1969-12-31T23:59:59Z
WINFRED_RAMIREZ@DOAZLAB.COM,WINFRED_RAMIREZ,Created with secframe.com/badblood.,True,False,False,2024-06-14T04:33:34Z,1969-12-31T23:59:59Z
LAMONT_ROGERS@DOAZLAB.COM,LAMONT_ROGERS,Created with secframe.com/badblood.,True,False,False,2024-06-14T04:33:34Z,1969-12-31T23:59:59Z
LORNA_BERG@DOAZLAB.COM,LORNA_BERG,Created with secframe.com/badblood.,True,False,False,2024-06-14T04:33:34Z,1969-12-31T23:59:59Z
MAC_ROBERTS@DOAZLAB.COM,MAC_ROBERTS,Created with secframe.com/badblood.,True,False,False,2024-06-14T04:33:35Z,1969-12-31T23:59:59Z
ARLINE_PECK@DOAZLAB.COM,ARLINE_PECK,Created with secframe.com/badblood.,True,False,False,2024-06-14T04:33:35Z,1969-12-31T23:59:59Z
BROCK_MCGOWAN@DOAZLAB.COM,BROCK_MCGOWAN,Created with secframe.com/badblood.,True,False,False,2024-06-14T04:33:35Z,1969-12-31T23:59:59Z
DENA_PACE@DOAZLAB.COM,DENA_PACE,Created with secframe.com/badblood.,True,False,False,2024-06-14T04:33:35Z,1969-12-31T23:59:59Z
ARNULFO_PRUITT@DOAZLAB.COM,ARNULFO_PRUITT,Created with secframe.com/badblood.,True,False,False,2024-06-14T04:33:35Z,1969-12-31T23:59:59Z
CELESTE_COMPTON@DOAZLAB.COM,CELESTE_COMPTON,Created with secframe.com/badblood.,True,False,False,2024-06-14T04:33:36Z,1969-12-31T23:59:59Z
LAURENCE_DELACRUZ@DOAZLAB.COM,LAURENCE_DELACRUZ,Created with secframe.com/badblood.,True,False,False,2024-06-14T04:33:36Z,1969-12-31T23:59:59Z
MILAGROS_GRAY@DOAZLAB.COM,MILAGROS_GRAY,Created with secframe.com/badblood.,True,False,False,2024-06-14T04:33:36Z,1969-12-31T23:59:59Z
BERNADINE_GAINES@DOAZLAB.COM,BERNADINE_GAINES,Created with secframe.com/badblood.,True,False,False,2024-06-14T04:33:36Z,1969-12-31T23:59:59Z
EMIL_CRAIG@DOAZLAB.COM,EMIL_CRAIG,Created with secframe.com/badblood.,True,False,False,2024-06-14T04:33:36Z,1969-12-31T23:59:59Z
JOANN_RUTLEDGE@DOAZLAB.COM,JOANN_RUTLEDGE,Created with secframe.com/badblood.,True,False,False,2024-06-14T04:33:37Z,1969-12-31T23:59:59Z
COLLEEN_RAMOS@DOAZLAB.COM,COLLEEN_RAMOS,Created with secframe.com/badblood.,True,False,False,2024-06-14T04:33:37Z,1969-12-31T23:59:59Z
CATHY_ESTES@DOAZLAB.COM,CATHY_ESTES,Created with secframe.com/badblood.,True,False,False,2024-06-14T04:33:37Z,1969-12-31T23:59:59Z
DARRELL_BATES@DOAZLAB.COM,DARRELL_BATES,Created with secframe.com/badblood.,True,False,False,2024-06-14T04:33:37Z,1969-12-31T23:59:59Z
DEWEY_SCHMIDT@DOAZLAB.COM,DEWEY_SCHMIDT,Created with secframe.com/badblood.,True,False,False,2024-06-14T04:33:38Z,1969-12-31T23:59:59Z
GRACIELA_ESTES@DOAZLAB.COM,GRACIELA_ESTES,Created with secframe.com/badblood.,True,False,False,2024-06-14T04:33:38Z,1969-12-31T23:59:59Z
ZACHARIAH_LEBLANC@DOAZLAB.COM,ZACHARIAH_LEBLANC,Created with secframe.com/badblood.,True,True,False,2024-06-14T04:33:38Z,1969-12-31T23:59:59Z
DENISE_PARKS@DOAZLAB.COM,DENISE_PARKS,Created with secframe.com/badblood.,True,False,False,2024-06-14T04:33:38Z,1969-12-31T23:59:59Z
RUSS_CAIN@DOAZLAB.COM,RUSS_CAIN,Created with secframe.com/badblood.,True,False,False,2024-06-14T04:33:38Z,1969-12-31T23:59:59Z
JILLIAN_SANDERS@DOAZLAB.COM,JILLIAN_SANDERS,Created with secframe.com/badblood.,True,False,False,2024-06-14T04:33:39Z,1969-12-31T23:59:59Z
DEREK_HOLLAND@DOAZLAB.COM,DEREK_HOLLAND,Created with secframe.com/badblood.,True,False,False,2024-06-14T04:33:39Z,1969-12-31T23:59:59Z
ARTHUR_VILLARREAL@DOAZLAB.COM,ARTHUR_VILLARREAL,Created with secframe.com/badblood.,True,False,False,2024-06-14T04:33:39Z,1969-12-31T23:59:59Z
CRISTINA_SWEET@DOAZLAB.COM,CRISTINA_SWEET,Created with secframe.com/badblood.,True,False,False,2024-06-14T04:33:39Z,1969-12-31T23:59:59Z
7467005486SA@DOAZLAB.COM,7467005486SA,Created with secframe.com/badblood.,True,False,False,2024-06-14T04:33:39Z,1969-12-31T23:59:59Z
HUGH_WILKINS@DOAZLAB.COM,HUGH_WILKINS,Created with secframe.com/badblood.,True,False,False,2024-06-14T04:33:40Z,1969-12-31T23:59:59Z
DOLLY_HINES@DOAZLAB.COM,DOLLY_HINES,Created with secframe.com/badblood.,True,False,False,2024-06-14T04:33:40Z,1969-12-31T23:59:59Z
RICKY_BLAIR@DOAZLAB.COM,RICKY_BLAIR,Created with secframe.com/badblood.,True,False,False,2024-06-14T04:33:40Z,1969-12-31T23:59:59Z
ROBERTA_WHITEHEAD@DOAZLAB.COM,ROBERTA_WHITEHEAD,Created with secframe.com/badblood.,True,False,False,2024-06-14T04:33:40Z,1969-12-31T23:59:59Z
REINALDO_LARSON@DOAZLAB.COM,REINALDO_LARSON,Created with secframe.com/badblood.,True,False,False,2024-06-14T04:33:40Z,1969-12-31T23:59:59Z
RYAN_GREER@DOAZLAB.COM,RYAN_GREER,Created with secframe.com/badblood.,True,False,False,2024-06-14T04:33:41Z,1969-12-31T23:59:59Z
LORIE_DONALDSON@DOAZLAB.COM,LORIE_DONALDSON,Created with secframe.com/badblood.,True,False,False,2024-06-14T04:33:41Z,1969-12-31T23:59:59Z
ENID_CHERRY@DOAZLAB.COM,ENID_CHERRY,Created with secframe.com/badblood.,True,False,False,2024-06-14T04:33:41Z,1969-12-31T23:59:59Z
PAULETTE_MCKEE@DOAZLAB.COM,PAULETTE_MCKEE,Created with secframe.com/badblood.,True,False,False,2024-06-14T04:33:41Z,1969-12-31T23:59:59Z
SYLVESTER_ROBERSON@DOAZLAB.COM,SYLVESTER_ROBERSON,Created with secframe.com/badblood.,True,False,False,2024-06-14T04:33:42Z,1969-12-31T23:59:59Z
KURT_EVERETT@DOAZLAB.COM,KURT_EVERETT,Created with secframe.com/badblood.,True,False,False,2024-06-14T04:33:42Z,1969-12-31T23:59:59Z
LUCAS_MCNEIL@DOAZLAB.COM,LUCAS_MCNEIL,Created with secframe.com/badblood.,True,False,False,2024-06-14T04:33:42Z,1969-12-31T23:59:59Z
BENITA_MORRISON@DOAZLAB.COM,BENITA_MORRISON,Created with secframe.com/badblood.,True,True,False,2024-06-14T04:33:43Z,1969-12-31T23:59:59Z
COLE_REILLY@DOAZLAB.COM,COLE_REILLY,Created with secframe.com/badblood.,True,False,False,2024-06-14T04:33:43Z,1969-12-31T23:59:59Z
NELLIE_SHANNON@DOAZLAB.COM,NELLIE_SHANNON,Created with secframe.com/badblood.,True,False,False,2024-06-14T04:33:43Z,1969-12-31T23:59:59Z
LESLIE_WITT@DOAZLAB.COM,LESLIE_WITT,Created with secframe.com/badblood.,True,False,False,2024-06-14T04:33:43Z,1969-12-31T23:59:59Z
ANNA_BRIDGES@DOAZLAB.COM,ANNA_BRIDGES,Created with secframe.com/badblood.,True,False,False,2024-06-14T04:33:43Z,1969-12-31T23:59:59Z
KATHERINE_KENNEDY@DOAZLAB.COM,KATHERINE_KENNEDY,Created with secframe.com/badblood.,True,False,False,2024-06-14T04:33:44Z,1969-12-31T23:59:59Z
DOLLY_CRAWFORD@DOAZLAB.COM,DOLLY_CRAWFORD,Created with secframe.com/badblood.,True,False,False,2024-06-14T04:33:44Z,1969-12-31T23:59:59Z
OLLIE_MCKAY@DOAZLAB.COM,OLLIE_MCKAY,Created with secframe.com/badblood.,True,False,False,2024-06-14T04:33:44Z,1969-12-31T23:59:59Z
EMILE_HENSLEY@DOAZLAB.COM,EMILE_HENSLEY,Created with secframe.com/badblood.,True,False,False,2024-06-14T04:33:44Z,1969-12-31T23:59:59Z
CHUCK_RIVERA@DOAZLAB.COM,CHUCK_RIVERA,Created with secframe.com/badblood.,True,False,False,2024-06-14T04:33:44Z,1969-12-31T23:59:59Z
AUGUSTA_HUNTER@DOAZLAB.COM,AUGUSTA_HUNTER,Created with secframe.com/badblood.,True,False,False,2024-06-14T04:33:45Z,1969-12-31T23:59:59Z
LILY_CHAPMAN@DOAZLAB.COM,LILY_CHAPMAN,Created with secframe.com/badblood.,True,False,False,2024-06-14T04:33:45Z,1969-12-31T23:59:59Z
ERNEST_ARMSTRONG@DOAZLAB.COM,ERNEST_ARMSTRONG,Created with secframe.com/badblood.,True,False,False,2024-06-14T04:33:45Z,1969-12-31T23:59:59Z
LILA_HOLCOMB@DOAZLAB.COM,LILA_HOLCOMB,Created with secframe.com/badblood.,True,False,False,2024-06-14T04:33:45Z,1969-12-31T23:59:59Z
DELMER_SEXTON@DOAZLAB.COM,DELMER_SEXTON,Created with secframe.com/badblood.,True,False,False,2024-06-14T04:33:46Z,1969-12-31T23:59:59Z
VICKI_BARR@DOAZLAB.COM,VICKI_BARR,Created with secframe.com/badblood.,True,False,False,2024-06-14T04:33:46Z,1969-12-31T23:59:59Z
BERNADETTE_NORTON@DOAZLAB.COM,BERNADETTE_NORTON,Created with secframe.com/badblood.,True,False,False,2024-06-14T04:33:46Z,1969-12-31T23:59:59Z
KARYN_DILLON@DOAZLAB.COM,KARYN_DILLON,Created with secframe.com/badblood.,True,False,False,2024-06-14T04:33:46Z,1969-12-31T23:59:59Z
FAUSTINO_HUNTER@DOAZLAB.COM,FAUSTINO_HUNTER,Created with secframe.com/badblood.,True,False,False,2024-06-14T04:33:47Z,1969-12-31T23:59:59Z
MARGO_COLLINS@DOAZLAB.COM,MARGO_COLLINS,Created with secframe.com/badblood.,True,False,False,2024-06-14T04:33:47Z,1969-12-31T23:59:59Z
MARA_MEADOWS@DOAZLAB.COM,MARA_MEADOWS,Created with secframe.com/badblood.,True,False,False,2024-06-14T04:33:47Z,1969-12-31T23:59:59Z
MANUEL_RICE@DOAZLAB.COM,MANUEL_RICE,Created with secframe.com/badblood.,True,False,False,2024-06-14T04:33:47Z,1969-12-31T23:59:59Z
TOMMY_REILLY@DOAZLAB.COM,TOMMY_REILLY,Created with secframe.com/badblood.,True,False,False,2024-06-14T04:33:47Z,1969-12-31T23:59:59Z
DARLENE_WALTER@DOAZLAB.COM,DARLENE_WALTER,Created with secframe.com/badblood.,True,False,False,2024-06-14T04:33:48Z,1969-12-31T23:59:59Z
ELNORA_MAYS@DOAZLAB.COM,ELNORA_MAYS,Created with secframe.com/badblood.,True,False,False,2024-06-14T04:33:48Z,1969-12-31T23:59:59Z
EDGAR_WATKINS@DOAZLAB.COM,EDGAR_WATKINS,Created with secframe.com/badblood.,True,False,False,2024-06-14T04:33:48Z,1969-12-31T23:59:59Z
KIRBY_BEASLEY@DOAZLAB.COM,KIRBY_BEASLEY,Created with secframe.com/badblood.,True,False,False,2024-06-14T04:33:48Z,1969-12-31T23:59:59Z
GALEN_SNYDER@DOAZLAB.COM,GALEN_SNYDER,Created with secframe.com/badblood.,True,False,False,2024-06-14T04:33:49Z,1969-12-31T23:59:59Z
ROD_HANSEN@DOAZLAB.COM,ROD_HANSEN,Created with secframe.com/badblood.,True,False,False,2024-06-14T04:33:49Z,1969-12-31T23:59:59Z
KEVIN_ABBOTT@DOAZLAB.COM,KEVIN_ABBOTT,Created with secframe.com/badblood.,True,False,False,2024-06-14T04:33:49Z,1969-12-31T23:59:59Z
ALFONSO_HOWELL@DOAZLAB.COM,ALFONSO_HOWELL,Created with secframe.com/badblood.,True,False,False,2024-06-14T04:33:49Z,1969-12-31T23:59:59Z
VILMA_DALTON@DOAZLAB.COM,VILMA_DALTON,Created with secframe.com/badblood.,True,False,False,2024-06-14T04:33:50Z,1969-12-31T23:59:59Z
LAURI_MALDONADO@DOAZLAB.COM,LAURI_MALDONADO,Created with secframe.com/badblood.,True,False,False,2024-06-14T04:33:50Z,1969-12-31T23:59:59Z
JACQUES_ORTIZ@DOAZLAB.COM,JACQUES_ORTIZ,Created with secframe.com/badblood.,True,False,False,2024-06-14T04:33:50Z,1969-12-31T23:59:59Z
KERMIT_SALAS@DOAZLAB.COM,KERMIT_SALAS,Created with secframe.com/badblood.,True,False,False,2024-06-14T04:33:50Z,1969-12-31T23:59:59Z
MARGARITA_MILES@DOAZLAB.COM,MARGARITA_MILES,Just so I dont forget my password is dnq5svPJwrq6f7k297%SSjsCL,True,False,False,2024-06-14T04:33:51Z,1969-12-31T23:59:59Z
DEANN_BLANCHARD@DOAZLAB.COM,DEANN_BLANCHARD,Just so I dont forget my password is 5&j2ZNGQHuxgct8h!!!pvL9vP,True,True,False,2024-06-14T04:33:51Z,1969-12-31T23:59:59Z
SARAH_MCCARTHY@DOAZLAB.COM,SARAH_MCCARTHY,Created with secframe.com/badblood.,True,False,False,2024-06-14T04:33:51Z,1969-12-31T23:59:59Z
DIANN_CONRAD@DOAZLAB.COM,DIANN_CONRAD,Created with secframe.com/badblood.,True,False,False,2024-06-14T04:33:51Z,1969-12-31T23:59:59Z
TAMMIE_TERRY@DOAZLAB.COM,TAMMIE_TERRY,Created with secframe.com/badblood.,True,False,False,2024-06-14T04:33:51Z,1969-12-31T23:59:59Z
ELDON_WILCOX@DOAZLAB.COM,ELDON_WILCOX,Created with secframe.com/badblood.,True,False,False,2024-06-14T04:33:52Z,1969-12-31T23:59:59Z
TRENTON_LOPEZ@DOAZLAB.COM,TRENTON_LOPEZ,Created with secframe.com/badblood.,True,False,False,2024-06-14T04:33:52Z,1969-12-31T23:59:59Z
WINSTON_MEADOWS@DOAZLAB.COM,WINSTON_MEADOWS,Created with secframe.com/badblood.,True,False,False,2024-06-14T04:33:52Z,1969-12-31T23:59:59Z
692531382SA@DOAZLAB.COM,692531382SA,Created with secframe.com/badblood.,True,False,False,2024-06-14T04:33:52Z,1969-12-31T23:59:59Z
JEANINE_PATE@DOAZLAB.COM,JEANINE_PATE,Created with secframe.com/badblood.,True,False,False,2024-06-14T04:33:52Z,1969-12-31T23:59:59Z
5683792489SA@DOAZLAB.COM,5683792489SA,Created with secframe.com/badblood.,True,True,False,2024-06-14T04:33:53Z,1969-12-31T23:59:59Z
MARYANN_PARSONS@DOAZLAB.COM,MARYANN_PARSONS,Created with secframe.com/badblood.,True,False,False,2024-06-14T04:33:53Z,1969-12-31T23:59:59Z
KRISTINA_WALLS@DOAZLAB.COM,KRISTINA_WALLS,Created with secframe.com/badblood.,True,False,False,2024-06-14T04:33:53Z,1969-12-31T23:59:59Z
8233703816SA@DOAZLAB.COM,8233703816SA,Created with secframe.com/badblood.,True,False,False,2024-06-14T04:33:53Z,1969-12-31T23:59:59Z
ELNORA_HINES@DOAZLAB.COM,ELNORA_HINES,Created with secframe.com/badblood.,True,False,False,2024-06-14T04:33:53Z,1969-12-31T23:59:59Z
ROLAND_WOOD@DOAZLAB.COM,ROLAND_WOOD,Created with secframe.com/badblood.,True,False,False,2024-06-14T04:33:54Z,1969-12-31T23:59:59Z
SAMMY_ROBINSON@DOAZLAB.COM,SAMMY_ROBINSON,Created with secframe.com/badblood.,True,False,False,2024-06-14T04:33:54Z,1969-12-31T23:59:59Z
1480026329SA@DOAZLAB.COM,1480026329SA,Created with secframe.com/badblood.,True,False,False,2024-06-14T04:33:54Z,1969-12-31T23:59:59Z
CELINA_SHANNON@DOAZLAB.COM,CELINA_SHANNON,Created with secframe.com/badblood.,True,False,False,2024-06-14T04:33:54Z,1969-12-31T23:59:59Z
TIFFANY_HARTMAN@DOAZLAB.COM,TIFFANY_HARTMAN,Created with secframe.com/badblood.,True,False,False,2024-06-14T04:33:55Z,1969-12-31T23:59:59Z
GAIL_HATFIELD@DOAZLAB.COM,GAIL_HATFIELD,Created with secframe.com/badblood.,True,False,False,2024-06-14T04:33:55Z,1969-12-31T23:59:59Z
RODGER_MAXWELL@DOAZLAB.COM,RODGER_MAXWELL,Created with secframe.com/badblood.,True,False,False,2024-06-14T04:33:55Z,1969-12-31T23:59:59Z
CAROL_ELLISON@DOAZLAB.COM,CAROL_ELLISON,Created with secframe.com/badblood.,True,False,False,2024-06-14T04:33:55Z,1969-12-31T23:59:59Z
SHANNA_DAVID@DOAZLAB.COM,SHANNA_DAVID,Created with secframe.com/badblood.,True,False,False,2024-06-14T04:33:56Z,1969-12-31T23:59:59Z
MARION_ARMSTRONG@DOAZLAB.COM,MARION_ARMSTRONG,Created with secframe.com/badblood.,True,False,False,2024-06-14T04:33:56Z,1969-12-31T23:59:59Z
LELAND_CASH@DOAZLAB.COM,LELAND_CASH,Created with secframe.com/badblood.,True,False,False,2024-06-14T04:33:56Z,1969-12-31T23:59:59Z
DARLA_WHITNEY@DOAZLAB.COM,DARLA_WHITNEY,Created with secframe.com/badblood.,True,False,False,2024-06-14T04:33:56Z,1969-12-31T23:59:59Z
ILENE_RILEY@DOAZLAB.COM,ILENE_RILEY,Created with secframe.com/badblood.,True,False,False,2024-06-14T04:33:56Z,1969-12-31T23:59:59Z
TAD_BRYAN@DOAZLAB.COM,TAD_BRYAN,Created with secframe.com/badblood.,True,False,False,2024-06-14T04:33:57Z,1969-12-31T23:59:59Z
EVERETT_MARSHALL@DOAZLAB.COM,EVERETT_MARSHALL,Created with secframe.com/badblood.,True,False,False,2024-06-14T04:33:57Z,1969-12-31T23:59:59Z
ENRIQUE_CARRILLO@DOAZLAB.COM,ENRIQUE_CARRILLO,Created with secframe.com/badblood.,True,False,False,2024-06-14T04:33:57Z,1969-12-31T23:59:59Z
JIMMIE_COLLIER@DOAZLAB.COM,JIMMIE_COLLIER,Created with secframe.com/badblood.,True,False,False,2024-06-14T04:33:57Z,1969-12-31T23:59:59Z
ZACHARIAH_BREWER@DOAZLAB.COM,ZACHARIAH_BREWER,Created with secframe.com/badblood.,True,False,False,2024-06-14T04:33:57Z,1969-12-31T23:59:59Z
BONNIE_MATTHEWS@DOAZLAB.COM,BONNIE_MATTHEWS,Created with secframe.com/badblood.,True,False,False,2024-06-14T04:33:58Z,1969-12-31T23:59:59Z
LETA_MIDDLETON@DOAZLAB.COM,LETA_MIDDLETON,Created with secframe.com/badblood.,True,False,False,2024-06-14T04:33:58Z,1969-12-31T23:59:59Z
BLAINE_WYNN@DOAZLAB.COM,BLAINE_WYNN,Created with secframe.com/badblood.,True,False,False,2024-06-14T04:33:58Z,1969-12-31T23:59:59Z
GARY_CARR@DOAZLAB.COM,GARY_CARR,Created with secframe.com/badblood.,True,False,False,2024-06-14T04:33:58Z,1969-12-31T23:59:59Z
TRUMAN_LOVE@DOAZLAB.COM,TRUMAN_LOVE,Created with secframe.com/badblood.,True,False,False,2024-06-14T04:33:59Z,1969-12-31T23:59:59Z
6945180013SA@DOAZLAB.COM,6945180013SA,Created with secframe.com/badblood.,True,False,False,2024-06-14T04:33:59Z,1969-12-31T23:59:59Z
MARTIN_CARNEY@DOAZLAB.COM,MARTIN_CARNEY,Created with secframe.com/badblood.,True,False,False,2024-06-14T04:33:59Z,1969-12-31T23:59:59Z
OWEN_KNIGHT@DOAZLAB.COM,OWEN_KNIGHT,Created with secframe.com/badblood.,True,False,False,2024-06-14T04:33:59Z,1969-12-31T23:59:59Z
MILDRED_SOLOMON@DOAZLAB.COM,MILDRED_SOLOMON,Created with secframe.com/badblood.,True,False,False,2024-06-14T04:33:59Z,1969-12-31T23:59:59Z
JOSEPH_FIGUEROA@DOAZLAB.COM,JOSEPH_FIGUEROA,Created with secframe.com/badblood.,True,False,False,2024-06-14T04:34:00Z,1969-12-31T23:59:59Z
LANCE_CAMERON@DOAZLAB.COM,LANCE_CAMERON,Created with secframe.com/badblood.,True,False,False,2024-06-14T04:34:00Z,1969-12-31T23:59:59Z
BRENT_LEON@DOAZLAB.COM,BRENT_LEON,Created with secframe.com/badblood.,True,False,False,2024-06-14T04:34:00Z,1969-12-31T23:59:59Z
BERNADINE_HARRINGTON@DOAZLAB.COM,BERNADINE_HARRINGTON,Created with secframe.com/badblood.,True,False,False,2024-06-14T04:34:00Z,1969-12-31T23:59:59Z
WESLEY_FOLEY@DOAZLAB.COM,WESLEY_FOLEY,Created with secframe.com/badblood.,True,False,False,2024-06-14T04:34:01Z,1969-12-31T23:59:59Z
LINA_HUFFMAN@DOAZLAB.COM,LINA_HUFFMAN,Created with secframe.com/badblood.,True,False,False,2024-06-14T04:34:01Z,1969-12-31T23:59:59Z
DIANE_WALTER@DOAZLAB.COM,DIANE_WALTER,Created with secframe.com/badblood.,True,False,False,2024-06-14T04:34:01Z,1969-12-31T23:59:59Z
RUBY_REYNOLDS@DOAZLAB.COM,RUBY_REYNOLDS,Created with secframe.com/badblood.,True,False,False,2024-06-14T04:34:01Z,1969-12-31T23:59:59Z
HERSCHEL_ESTRADA@DOAZLAB.COM,HERSCHEL_ESTRADA,Created with secframe.com/badblood.,True,False,False,2024-06-14T04:34:01Z,1969-12-31T23:59:59Z
ALBERT_SANDERS@DOAZLAB.COM,ALBERT_SANDERS,Created with secframe.com/badblood.,True,False,False,2024-06-14T04:34:02Z,1969-12-31T23:59:59Z
LEE_HEBERT@DOAZLAB.COM,LEE_HEBERT,Created with secframe.com/badblood.,True,False,False,2024-06-14T04:34:02Z,1969-12-31T23:59:59Z
IRVING_MACK@DOAZLAB.COM,IRVING_MACK,Created with secframe.com/badblood.,True,False,False,2024-06-14T04:34:02Z,1969-12-31T23:59:59Z
WANDA_CLARKE@DOAZLAB.COM,WANDA_CLARKE,Created with secframe.com/badblood.,True,False,False,2024-06-14T04:34:02Z,1969-12-31T23:59:59Z
VIRGIL_FRANKLIN@DOAZLAB.COM,VIRGIL_FRANKLIN,Created with secframe.com/badblood.,True,False,False,2024-06-14T04:34:03Z,1969-12-31T23:59:59Z
ELLA_HERMAN@DOAZLAB.COM,ELLA_HERMAN,Created with secframe.com/badblood.,True,False,False,2024-06-14T04:34:03Z,1969-12-31T23:59:59Z
HOWARD_FRY@DOAZLAB.COM,HOWARD_FRY,Created with secframe.com/badblood.,True,False,False,2024-06-14T04:34:03Z,1969-12-31T23:59:59Z
9651022131SA@DOAZLAB.COM,9651022131SA,Created with secframe.com/badblood.,True,False,False,2024-06-14T04:34:03Z,1969-12-31T23:59:59Z
HOWARD_NUNEZ@DOAZLAB.COM,HOWARD_NUNEZ,Created with secframe.com/badblood.,True,False,False,2024-06-14T04:34:03Z,1969-12-31T23:59:59Z
VIVIAN_ONEAL@DOAZLAB.COM,VIVIAN_ONEAL,Created with secframe.com/badblood.,True,False,False,2024-06-14T04:34:04Z,1969-12-31T23:59:59Z
ASHLEE_FIELDS@DOAZLAB.COM,ASHLEE_FIELDS,Created with secframe.com/badblood.,True,True,False,2024-06-14T04:34:04Z,1969-12-31T23:59:59Z
HIRAM_BUCKNER@DOAZLAB.COM,HIRAM_BUCKNER,Created with secframe.com/badblood.,True,False,False,2024-06-14T04:34:04Z,1969-12-31T23:59:59Z
MARIA_JONES@DOAZLAB.COM,MARIA_JONES,Created with secframe.com/badblood.,True,False,False,2024-06-14T04:34:04Z,1969-12-31T23:59:59Z
JUDSON_SANTIAGO@DOAZLAB.COM,JUDSON_SANTIAGO,Created with secframe.com/badblood.,True,False,False,2024-06-14T04:34:05Z,1969-12-31T23:59:59Z
CONCETTA_DOUGLAS@DOAZLAB.COM,CONCETTA_DOUGLAS,Created with secframe.com/badblood.,True,False,False,2024-06-14T04:34:05Z,1969-12-31T23:59:59Z
DWIGHT_HEAD@DOAZLAB.COM,DWIGHT_HEAD,Created with secframe.com/badblood.,True,False,False,2024-06-14T04:34:05Z,1969-12-31T23:59:59Z
MELODY_ROMERO@DOAZLAB.COM,MELODY_ROMERO,Created with secframe.com/badblood.,True,False,False,2024-06-14T04:34:05Z,1969-12-31T23:59:59Z
AURELIO_TALLEY@DOAZLAB.COM,AURELIO_TALLEY,Created with secframe.com/badblood.,True,False,False,2024-06-14T04:34:05Z,1969-12-31T23:59:59Z
LEE_MATHEWS@DOAZLAB.COM,LEE_MATHEWS,Created with secframe.com/badblood.,True,False,False,2024-06-14T04:34:06Z,1969-12-31T23:59:59Z
6599695577SA@DOAZLAB.COM,6599695577SA,Created with secframe.com/badblood.,True,False,False,2024-06-14T04:34:06Z,1969-12-31T23:59:59Z
MARIA_CHEN@DOAZLAB.COM,MARIA_CHEN,Created with secframe.com/badblood.,True,False,False,2024-06-14T04:34:06Z,1969-12-31T23:59:59Z
HESTER_MCCOY@DOAZLAB.COM,HESTER_MCCOY,Created with secframe.com/badblood.,True,False,False,2024-06-14T04:34:06Z,1969-12-31T23:59:59Z
VANCE_ANDREWS@DOAZLAB.COM,VANCE_ANDREWS,Created with secframe.com/badblood.,True,False,False,2024-06-14T04:34:06Z,1969-12-31T23:59:59Z
KAREN_ZAMORA@DOAZLAB.COM,KAREN_ZAMORA,Created with secframe.com/badblood.,True,False,False,2024-06-14T04:34:07Z,1969-12-31T23:59:59Z
STEFANIE_MICHAEL@DOAZLAB.COM,STEFANIE_MICHAEL,Created with secframe.com/badblood.,True,False,False,2024-06-14T04:34:07Z,1969-12-31T23:59:59Z
MARLENE_RIDDLE@DOAZLAB.COM,MARLENE_RIDDLE,Created with secframe.com/badblood.,True,False,False,2024-06-14T04:34:07Z,1969-12-31T23:59:59Z
ARMANDO_ROWE@DOAZLAB.COM,ARMANDO_ROWE,Created with secframe.com/badblood.,True,False,False,2024-06-14T04:34:07Z,1969-12-31T23:59:59Z
ALBERTA_COOLEY@DOAZLAB.COM,ALBERTA_COOLEY,Created with secframe.com/badblood.,True,False,False,2024-06-14T04:34:08Z,1969-12-31T23:59:59Z
ORLANDO_CHANEY@DOAZLAB.COM,ORLANDO_CHANEY,Created with secframe.com/badblood.,True,False,False,2024-06-14T04:34:08Z,1969-12-31T23:59:59Z
ELLA_JUAREZ@DOAZLAB.COM,ELLA_JUAREZ,Created with secframe.com/badblood.,True,False,False,2024-06-14T04:34:08Z,1969-12-31T23:59:59Z
TYREE_JACOBSON@DOAZLAB.COM,TYREE_JACOBSON,Created with secframe.com/badblood.,True,False,False,2024-06-14T04:34:09Z,1969-12-31T23:59:59Z
CHANDRA_ROSARIO@DOAZLAB.COM,CHANDRA_ROSARIO,Created with secframe.com/badblood.,True,False,False,2024-06-14T04:34:09Z,1969-12-31T23:59:59Z
BETSY_MCCONNELL@DOAZLAB.COM,BETSY_MCCONNELL,Created with secframe.com/badblood.,True,False,False,2024-06-14T04:34:09Z,1969-12-31T23:59:59Z
LARA_MOLINA@DOAZLAB.COM,LARA_MOLINA,Created with secframe.com/badblood.,True,False,False,2024-06-14T04:34:09Z,1969-12-31T23:59:59Z
HARLEY_BARNES@DOAZLAB.COM,HARLEY_BARNES,Created with secframe.com/badblood.,True,False,False,2024-06-14T04:34:10Z,1969-12-31T23:59:59Z
KATHERINE_PICKETT@DOAZLAB.COM,KATHERINE_PICKETT,Created with secframe.com/badblood.,True,False,False,2024-06-14T04:34:10Z,1969-12-31T23:59:59Z
2243932656SA@DOAZLAB.COM,2243932656SA,Created with secframe.com/badblood.,True,False,False,2024-06-14T04:34:10Z,1969-12-31T23:59:59Z
ELENA_ONEIL@DOAZLAB.COM,ELENA_ONEIL,Created with secframe.com/badblood.,True,False,False,2024-06-14T04:34:10Z,1969-12-31T23:59:59Z
TRINA_GARZA@DOAZLAB.COM,TRINA_GARZA,Created with secframe.com/badblood.,True,False,False,2024-06-14T04:34:11Z,1969-12-31T23:59:59Z
PATRICA_HAMILTON@DOAZLAB.COM,PATRICA_HAMILTON,Created with secframe.com/badblood.,True,False,False,2024-06-14T04:34:11Z,1969-12-31T23:59:59Z
ALISSA_HUFFMAN@DOAZLAB.COM,ALISSA_HUFFMAN,Created with secframe.com/badblood.,True,True,False,2024-06-14T04:34:11Z,1969-12-31T23:59:59Z
ROLAND_FLETCHER@DOAZLAB.COM,ROLAND_FLETCHER,Created with secframe.com/badblood.,True,False,False,2024-06-14T04:34:12Z,1969-12-31T23:59:59Z
SUZETTE_LOPEZ@DOAZLAB.COM,SUZETTE_LOPEZ,Created with secframe.com/badblood.,True,False,False,2024-06-14T04:34:12Z,1969-12-31T23:59:59Z
JACKLYN_EWING@DOAZLAB.COM,JACKLYN_EWING,Created with secframe.com/badblood.,True,False,False,2024-06-14T04:34:12Z,1969-12-31T23:59:59Z
MARIETTA_BRUCE@DOAZLAB.COM,MARIETTA_BRUCE,Created with secframe.com/badblood.,True,False,False,2024-06-14T04:34:12Z,1969-12-31T23:59:59Z
CARMELA_PACE@DOAZLAB.COM,CARMELA_PACE,Created with secframe.com/badblood.,True,False,False,2024-06-14T04:34:13Z,1969-12-31T23:59:59Z
MARIANA_DUFFY@DOAZLAB.COM,MARIANA_DUFFY,Created with secframe.com/badblood.,True,False,False,2024-06-14T04:34:13Z,1969-12-31T23:59:59Z
WILEY_SUAREZ@DOAZLAB.COM,WILEY_SUAREZ,Created with secframe.com/badblood.,True,False,False,2024-06-14T04:34:13Z,1969-12-31T23:59:59Z
LORRIE_SPARKS@DOAZLAB.COM,LORRIE_SPARKS,Created with secframe.com/badblood.,True,False,False,2024-06-14T04:34:13Z,1969-12-31T23:59:59Z
NAOMI_BROWNING@DOAZLAB.COM,NAOMI_BROWNING,Created with secframe.com/badblood.,True,False,False,2024-06-14T04:34:13Z,1969-12-31T23:59:59Z
CLARICE_HARDING@DOAZLAB.COM,CLARICE_HARDING,Created with secframe.com/badblood.,True,False,False,2024-06-14T04:34:14Z,1969-12-31T23:59:59Z
4744906939SA@DOAZLAB.COM,4744906939SA,Created with secframe.com/badblood.,True,False,False,2024-06-14T04:34:14Z,1969-12-31T23:59:59Z
AMY_SOLIS@DOAZLAB.COM,AMY_SOLIS,Created with secframe.com/badblood.,True,False,False,2024-06-14T04:34:14Z,1969-12-31T23:59:59Z
TRACEY_BLEVINS@DOAZLAB.COM,TRACEY_BLEVINS,Created with secframe.com/badblood.,True,False,False,2024-06-14T04:34:14Z,1969-12-31T23:59:59Z
BRIANA_WORKMAN@DOAZLAB.COM,BRIANA_WORKMAN,Created with secframe.com/badblood.,True,False,False,2024-06-14T04:34:15Z,1969-12-31T23:59:59Z
SYDNEY_POLLARD@DOAZLAB.COM,SYDNEY_POLLARD,Created with secframe.com/badblood.,True,False,False,2024-06-14T04:34:15Z,1969-12-31T23:59:59Z
KAYE_STAFFORD@DOAZLAB.COM,KAYE_STAFFORD,Created with secframe.com/badblood.,True,False,False,2024-06-14T04:34:15Z,1969-12-31T23:59:59Z
TYREE_JARVIS@DOAZLAB.COM,TYREE_JARVIS,Created with secframe.com/badblood.,True,False,False,2024-06-14T04:34:15Z,1969-12-31T23:59:59Z
MARYLOU_BARLOW@DOAZLAB.COM,MARYLOU_BARLOW,Created with secframe.com/badblood.,True,False,False,2024-06-14T04:34:15Z,1969-12-31T23:59:59Z
EZRA_CUMMINGS@DOAZLAB.COM,EZRA_CUMMINGS,Created with secframe.com/badblood.,True,False,False,2024-06-14T04:34:16Z,1969-12-31T23:59:59Z
8818071913SA@DOAZLAB.COM,8818071913SA,Created with secframe.com/badblood.,True,False,False,2024-06-14T04:34:16Z,1969-12-31T23:59:59Z
FREDA_BURNS@DOAZLAB.COM,FREDA_BURNS,Created with secframe.com/badblood.,True,False,False,2024-06-14T04:34:16Z,1969-12-31T23:59:59Z
FRANKIE_BLANCHARD@DOAZLAB.COM,FRANKIE_BLANCHARD,Created with secframe.com/badblood.,True,False,False,2024-06-14T04:34:17Z,1969-12-31T23:59:59Z
2376357027SA@DOAZLAB.COM,2376357027SA,Created with secframe.com/badblood.,True,False,False,2024-06-14T04:34:17Z,1969-12-31T23:59:59Z
JOEY_PERKINS@DOAZLAB.COM,JOEY_PERKINS,Created with secframe.com/badblood.,True,False,False,2024-06-14T04:34:17Z,1969-12-31T23:59:59Z
ALMA_BARLOW@DOAZLAB.COM,ALMA_BARLOW,Created with secframe.com/badblood.,True,False,False,2024-06-14T04:34:17Z,1969-12-31T23:59:59Z
PATTI_SNIDER@DOAZLAB.COM,PATTI_SNIDER,Created with secframe.com/badblood.,True,False,False,2024-06-14T04:34:18Z,1969-12-31T23:59:59Z
ADOLPH_SMALL@DOAZLAB.COM,ADOLPH_SMALL,Created with secframe.com/badblood.,True,False,False,2024-06-14T04:34:18Z,1969-12-31T23:59:59Z
PIERRE_GORDON@DOAZLAB.COM,PIERRE_GORDON,Created with secframe.com/badblood.,True,False,False,2024-06-14T04:34:18Z,1969-12-31T23:59:59Z
ALFREDA_MEYERS@DOAZLAB.COM,ALFREDA_MEYERS,Created with secframe.com/badblood.,True,False,False,2024-06-14T04:34:18Z,1969-12-31T23:59:59Z
ELMO_LANGLEY@DOAZLAB.COM,ELMO_LANGLEY,Created with secframe.com/badblood.,True,False,False,2024-06-14T04:34:18Z,1969-12-31T23:59:59Z
LORNA_KNIGHT@DOAZLAB.COM,LORNA_KNIGHT,Created with secframe.com/badblood.,True,False,False,2024-06-14T04:34:19Z,1969-12-31T23:59:59Z
GLENDA_RICHARD@DOAZLAB.COM,GLENDA_RICHARD,Created with secframe.com/badblood.,True,False,False,2024-06-14T04:34:19Z,1969-12-31T23:59:59Z
KURT_TAYLOR@DOAZLAB.COM,KURT_TAYLOR,Created with secframe.com/badblood.,True,False,False,2024-06-14T04:34:19Z,1969-12-31T23:59:59Z
GUILLERMO_BRITT@DOAZLAB.COM,GUILLERMO_BRITT,Created with secframe.com/badblood.,True,False,False,2024-06-14T04:34:19Z,1969-12-31T23:59:59Z
WILFREDO_BENNETT@DOAZLAB.COM,WILFREDO_BENNETT,Created with secframe.com/badblood.,True,False,False,2024-06-14T04:34:19Z,1969-12-31T23:59:59Z
TERRIE_ERICKSON@DOAZLAB.COM,TERRIE_ERICKSON,Created with secframe.com/badblood.,True,False,False,2024-06-14T04:34:20Z,1969-12-31T23:59:59Z
MARTINA_RICH@DOAZLAB.COM,MARTINA_RICH,Created with secframe.com/badblood.,True,False,False,2024-06-14T04:34:20Z,1969-12-31T23:59:59Z
ETTA_REESE@DOAZLAB.COM,ETTA_REESE,Created with secframe.com/badblood.,True,False,False,2024-06-14T04:34:20Z,1969-12-31T23:59:59Z
TAMMIE_PRATT@DOAZLAB.COM,TAMMIE_PRATT,Created with secframe.com/badblood.,True,False,False,2024-06-14T04:34:20Z,1969-12-31T23:59:59Z
LUCILE_CARR@DOAZLAB.COM,LUCILE_CARR,Created with secframe.com/badblood.,True,False,False,2024-06-14T04:34:21Z,1969-12-31T23:59:59Z
CAREY_HENDRICKS@DOAZLAB.COM,CAREY_HENDRICKS,Created with secframe.com/badblood.,True,False,False,2024-06-14T04:34:21Z,1969-12-31T23:59:59Z
7707484719SA@DOAZLAB.COM,7707484719SA,Created with secframe.com/badblood.,True,False,False,2024-06-14T04:34:21Z,1969-12-31T23:59:59Z
2259425603SA@DOAZLAB.COM,2259425603SA,Created with secframe.com/badblood.,True,False,False,2024-06-14T04:34:21Z,1969-12-31T23:59:59Z
SUZETTE_WILLIAM@DOAZLAB.COM,SUZETTE_WILLIAM,Created with secframe.com/badblood.,True,True,False,2024-06-14T04:34:22Z,1969-12-31T23:59:59Z
MARGARITO_GUERRERO@DOAZLAB.COM,MARGARITO_GUERRERO,Created with secframe.com/badblood.,True,False,False,2024-06-14T04:34:22Z,1969-12-31T23:59:59Z
JACKIE_NEWTON@DOAZLAB.COM,JACKIE_NEWTON,Created with secframe.com/badblood.,True,False,False,2024-06-14T04:34:22Z,1969-12-31T23:59:59Z
HENRIETTA_HARDIN@DOAZLAB.COM,HENRIETTA_HARDIN,Created with secframe.com/badblood.,True,False,False,2024-06-14T04:34:22Z,1969-12-31T23:59:59Z
EDWINA_WEBER@DOAZLAB.COM,EDWINA_WEBER,Created with secframe.com/badblood.,True,False,False,2024-06-14T04:34:22Z,1969-12-31T23:59:59Z
SAMUEL_NAVARRO@DOAZLAB.COM,SAMUEL_NAVARRO,Created with secframe.com/badblood.,True,True,False,2024-06-14T04:34:23Z,1969-12-31T23:59:59Z
LOLITA_MCPHERSON@DOAZLAB.COM,LOLITA_MCPHERSON,Created with secframe.com/badblood.,True,False,False,2024-06-14T04:34:23Z,1969-12-31T23:59:59Z
CLARICE_GREEN@DOAZLAB.COM,CLARICE_GREEN,Created with secframe.com/badblood.,True,False,False,2024-06-14T04:34:23Z,1969-12-31T23:59:59Z
LEIGH_MOORE@DOAZLAB.COM,LEIGH_MOORE,Created with secframe.com/badblood.,True,False,False,2024-06-14T04:34:23Z,1969-12-31T23:59:59Z
JAKE_GLASS@DOAZLAB.COM,JAKE_GLASS,Created with secframe.com/badblood.,True,False,False,2024-06-14T04:34:23Z,1969-12-31T23:59:59Z
KRISTOPHER_PARK@DOAZLAB.COM,KRISTOPHER_PARK,Created with secframe.com/badblood.,True,False,False,2024-06-14T04:34:24Z,1969-12-31T23:59:59Z
SHIRLEY_HESTER@DOAZLAB.COM,SHIRLEY_HESTER,Created with secframe.com/badblood.,True,False,False,2024-06-14T04:34:24Z,1969-12-31T23:59:59Z
BRYAN_NICHOLSON@DOAZLAB.COM,BRYAN_NICHOLSON,Created with secframe.com/badblood.,True,False,False,2024-06-14T04:34:24Z,1969-12-31T23:59:59Z
ROLAND_BEARD@DOAZLAB.COM,ROLAND_BEARD,Created with secframe.com/badblood.,True,False,False,2024-06-14T04:34:24Z,1969-12-31T23:59:59Z
MINDY_BROCK@DOAZLAB.COM,MINDY_BROCK,Created with secframe.com/badblood.,True,True,False,2024-06-14T04:34:25Z,1969-12-31T23:59:59Z
EDDIE_PRICE@DOAZLAB.COM,EDDIE_PRICE,Created with secframe.com/badblood.,True,False,False,2024-06-14T04:34:25Z,1969-12-31T23:59:59Z
5245873038SA@DOAZLAB.COM,5245873038SA,Created with secframe.com/badblood.,True,False,False,2024-06-14T04:34:25Z,1969-12-31T23:59:59Z
LAKEISHA_CLARK@DOAZLAB.COM,LAKEISHA_CLARK,Created with secframe.com/badblood.,True,False,False,2024-06-14T04:34:25Z,1969-12-31T23:59:59Z
CALEB_HERRERA@DOAZLAB.COM,CALEB_HERRERA,Created with secframe.com/badblood.,True,False,False,2024-06-14T04:34:26Z,1969-12-31T23:59:59Z
LATONYA_ACOSTA@DOAZLAB.COM,LATONYA_ACOSTA,Created with secframe.com/badblood.,True,False,False,2024-06-14T04:34:26Z,1969-12-31T23:59:59Z
LANE_PUCKETT@DOAZLAB.COM,LANE_PUCKETT,Created with secframe.com/badblood.,True,False,False,2024-06-14T04:34:26Z,1969-12-31T23:59:59Z
MAYRA_GENTRY@DOAZLAB.COM,MAYRA_GENTRY,Created with secframe.com/badblood.,True,False,False,2024-06-14T04:34:26Z,1969-12-31T23:59:59Z
DOLORES_DAVID@DOAZLAB.COM,DOLORES_DAVID,Created with secframe.com/badblood.,True,False,False,2024-06-14T04:34:26Z,1969-12-31T23:59:59Z
CHRISTINA_RICHARDS@DOAZLAB.COM,CHRISTINA_RICHARDS,Created with secframe.com/badblood.,True,False,False,2024-06-14T04:34:27Z,1969-12-31T23:59:59Z
LOUISE_RODRIGUEZ@DOAZLAB.COM,LOUISE_RODRIGUEZ,Created with secframe.com/badblood.,True,False,False,2024-06-14T04:34:27Z,1969-12-31T23:59:59Z
HELGA_BRENNAN@DOAZLAB.COM,HELGA_BRENNAN,Created with secframe.com/badblood.,True,False,False,2024-06-14T04:34:27Z,1969-12-31T23:59:59Z
LOGAN_DELANEY@DOAZLAB.COM,LOGAN_DELANEY,Created with secframe.com/badblood.,True,False,False,2024-06-14T04:34:27Z,1969-12-31T23:59:59Z
CHRYSTAL_WADE@DOAZLAB.COM,CHRYSTAL_WADE,Created with secframe.com/badblood.,True,False,False,2024-06-14T04:34:28Z,1969-12-31T23:59:59Z
CONCEPCION_SELLERS@DOAZLAB.COM,CONCEPCION_SELLERS,Created with secframe.com/badblood.,True,False,False,2024-06-14T04:34:28Z,1969-12-31T23:59:59Z
GILDA_DANIEL@DOAZLAB.COM,GILDA_DANIEL,Created with secframe.com/badblood.,True,False,False,2024-06-14T04:34:28Z,1969-12-31T23:59:59Z
THERON_WILSON@DOAZLAB.COM,THERON_WILSON,Created with secframe.com/badblood.,True,False,False,2024-06-14T04:34:28Z,1969-12-31T23:59:59Z
BRYON_CUNNINGHAM@DOAZLAB.COM,BRYON_CUNNINGHAM,Created with secframe.com/badblood.,True,False,False,2024-06-14T04:34:29Z,1969-12-31T23:59:59Z
COLETTE_COOPER@DOAZLAB.COM,COLETTE_COOPER,Created with secframe.com/badblood.,True,False,False,2024-06-14T04:34:29Z,1969-12-31T23:59:59Z
REGINA_BARKER@DOAZLAB.COM,REGINA_BARKER,Created with secframe.com/badblood.,True,False,False,2024-06-14T04:34:29Z,1969-12-31T23:59:59Z
ARLENE_GOULD@DOAZLAB.COM,ARLENE_GOULD,Created with secframe.com/badblood.,True,False,False,2024-06-14T04:34:29Z,1969-12-31T23:59:59Z
YOUNG_VASQUEZ@DOAZLAB.COM,YOUNG_VASQUEZ,Created with secframe.com/badblood.,True,False,False,2024-06-14T04:34:30Z,1969-12-31T23:59:59Z
ANTOINE_DENNIS@DOAZLAB.COM,ANTOINE_DENNIS,Created with secframe.com/badblood.,True,False,False,2024-06-14T04:34:30Z,1969-12-31T23:59:59Z
DWAYNE_FULTON@DOAZLAB.COM,DWAYNE_FULTON,Created with secframe.com/badblood.,True,False,False,2024-06-14T04:34:30Z,1969-12-31T23:59:59Z
CLIFTON_SIMS@DOAZLAB.COM,CLIFTON_SIMS,Created with secframe.com/badblood.,True,True,False,2024-06-14T04:34:31Z,1969-12-31T23:59:59Z
ANASTASIA_GALLOWAY@DOAZLAB.COM,ANASTASIA_GALLOWAY,Created with secframe.com/badblood.,True,False,False,2024-06-14T04:34:31Z,1969-12-31T23:59:59Z
MICHELE_DOYLE@DOAZLAB.COM,MICHELE_DOYLE,Created with secframe.com/badblood.,True,False,False,2024-06-14T04:34:31Z,1969-12-31T23:59:59Z
ASHLEY_SHELTON@DOAZLAB.COM,ASHLEY_SHELTON,Created with secframe.com/badblood.,True,False,False,2024-06-14T04:34:31Z,1969-12-31T23:59:59Z
MARY_RUIZ@DOAZLAB.COM,MARY_RUIZ,Created with secframe.com/badblood.,True,False,False,2024-06-14T04:34:32Z,1969-12-31T23:59:59Z
RUTH_GARNER@DOAZLAB.COM,RUTH_GARNER,Created with secframe.com/badblood.,True,False,False,2024-06-14T04:34:32Z,1969-12-31T23:59:59Z
THERESA_WILKINSON@DOAZLAB.COM,THERESA_WILKINSON,Created with secframe.com/badblood.,True,False,False,2024-06-14T04:34:32Z,1969-12-31T23:59:59Z
WADE_PENA@DOAZLAB.COM,WADE_PENA,Created with secframe.com/badblood.,True,False,False,2024-06-14T04:34:32Z,1969-12-31T23:59:59Z
BESSIE_BURTON@DOAZLAB.COM,BESSIE_BURTON,Created with secframe.com/badblood.,True,False,False,2024-06-14T04:34:33Z,1969-12-31T23:59:59Z
5479108440SA@DOAZLAB.COM,5479108440SA,Created with secframe.com/badblood.,True,False,False,2024-06-14T04:34:33Z,1969-12-31T23:59:59Z
WALKER_STANLEY@DOAZLAB.COM,WALKER_STANLEY,Created with secframe.com/badblood.,True,False,False,2024-06-14T04:34:33Z,1969-12-31T23:59:59Z
ADOLPH_COTTON@DOAZLAB.COM,ADOLPH_COTTON,Created with secframe.com/badblood.,True,False,False,2024-06-14T04:34:33Z,1969-12-31T23:59:59Z
BERNADETTE_JACKSON@DOAZLAB.COM,BERNADETTE_JACKSON,Created with secframe.com/badblood.,True,False,False,2024-06-14T04:34:34Z,1969-12-31T23:59:59Z
JULIO_JOHNS@DOAZLAB.COM,JULIO_JOHNS,Created with secframe.com/badblood.,True,False,False,2024-06-14T04:34:34Z,1969-12-31T23:59:59Z
MARILYN_SNIDER@DOAZLAB.COM,MARILYN_SNIDER,Created with secframe.com/badblood.,True,False,False,2024-06-14T04:34:34Z,1969-12-31T23:59:59Z
LUIS_ADAMS@DOAZLAB.COM,LUIS_ADAMS,Created with secframe.com/badblood.,True,False,False,2024-06-14T04:34:34Z,1969-12-31T23:59:59Z
TERRANCE_GUERRA@DOAZLAB.COM,TERRANCE_GUERRA,Created with secframe.com/badblood.,True,False,False,2024-06-14T04:34:34Z,1969-12-31T23:59:59Z
INEZ_HARPER@DOAZLAB.COM,INEZ_HARPER,Created with secframe.com/badblood.,True,False,False,2024-06-14T04:34:35Z,1969-12-31T23:59:59Z
SASHA_VARGAS@DOAZLAB.COM,SASHA_VARGAS,Created with secframe.com/badblood.,True,False,False,2024-06-14T04:34:35Z,1969-12-31T23:59:59Z
668089907SA@DOAZLAB.COM,668089907SA,Created with secframe.com/badblood.,True,False,False,2024-06-14T04:34:35Z,1969-12-31T23:59:59Z
NAOMI_WHITE@DOAZLAB.COM,NAOMI_WHITE,Created with secframe.com/badblood.,True,False,False,2024-06-14T04:34:35Z,1969-12-31T23:59:59Z
GEORGINA_DICKERSON@DOAZLAB.COM,GEORGINA_DICKERSON,Created with secframe.com/badblood.,True,False,False,2024-06-14T04:34:36Z,1969-12-31T23:59:59Z
RAMONA_MCGUIRE@DOAZLAB.COM,RAMONA_MCGUIRE,Created with secframe.com/badblood.,True,False,False,2024-06-14T04:34:36Z,1969-12-31T23:59:59Z
MICHAEL_GARRETT@DOAZLAB.COM,MICHAEL_GARRETT,Created with secframe.com/badblood.,True,False,False,2024-06-14T04:34:36Z,1969-12-31T23:59:59Z
POLLY_HOLMAN@DOAZLAB.COM,POLLY_HOLMAN,Created with secframe.com/badblood.,True,False,False,2024-06-14T04:34:36Z,1969-12-31T23:59:59Z
GRANT_NORMAN@DOAZLAB.COM,GRANT_NORMAN,Created with secframe.com/badblood.,True,False,False,2024-06-14T04:34:36Z,1969-12-31T23:59:59Z
KENDRICK_KEITH@DOAZLAB.COM,KENDRICK_KEITH,Created with secframe.com/badblood.,True,False,False,2024-06-14T04:34:37Z,1969-12-31T23:59:59Z
LYNETTE_MOODY@DOAZLAB.COM,LYNETTE_MOODY,Created with secframe.com/badblood.,True,False,False,2024-06-14T04:34:37Z,1969-12-31T23:59:59Z
SOPHIE_DRAKE@DOAZLAB.COM,SOPHIE_DRAKE,Created with secframe.com/badblood.,True,False,False,2024-06-14T04:34:37Z,1969-12-31T23:59:59Z
YVETTE_HOPPER@DOAZLAB.COM,YVETTE_HOPPER,Created with secframe.com/badblood.,True,False,False,2024-06-14T04:34:37Z,1969-12-31T23:59:59Z
JACK_WYNN@DOAZLAB.COM,JACK_WYNN,Created with secframe.com/badblood.,True,False,False,2024-06-14T04:34:38Z,1969-12-31T23:59:59Z
HARRIS_CAREY@DOAZLAB.COM,HARRIS_CAREY,Created with secframe.com/badblood.,True,False,False,2024-06-14T04:34:38Z,1969-12-31T23:59:59Z
MAUREEN_VELAZQUEZ@DOAZLAB.COM,MAUREEN_VELAZQUEZ,Created with secframe.com/badblood.,True,False,False,2024-06-14T04:34:38Z,1969-12-31T23:59:59Z
GALE_PIERCE@DOAZLAB.COM,GALE_PIERCE,Created with secframe.com/badblood.,True,False,False,2024-06-14T04:34:38Z,1969-12-31T23:59:59Z
RENE_CARLSON@DOAZLAB.COM,RENE_CARLSON,Created with secframe.com/badblood.,True,False,False,2024-06-14T04:34:38Z,1969-12-31T23:59:59Z
CINDY_MANNING@DOAZLAB.COM,CINDY_MANNING,Created with secframe.com/badblood.,True,False,False,2024-06-14T04:34:39Z,1969-12-31T23:59:59Z
CARLO_FREEMAN@DOAZLAB.COM,CARLO_FREEMAN,Created with secframe.com/badblood.,True,False,False,2024-06-14T04:34:39Z,1969-12-31T23:59:59Z
DALE_BELL@DOAZLAB.COM,DALE_BELL,Created with secframe.com/badblood.,True,False,False,2024-06-14T04:34:39Z,1969-12-31T23:59:59Z
ZANE_CAMERON@DOAZLAB.COM,ZANE_CAMERON,Created with secframe.com/badblood.,True,False,False,2024-06-14T04:34:39Z,1969-12-31T23:59:59Z
WILBUR_SHANNON@DOAZLAB.COM,WILBUR_SHANNON,Created with secframe.com/badblood.,True,False,False,2024-06-14T04:34:39Z,1969-12-31T23:59:59Z
LINDA_HERMAN@DOAZLAB.COM,LINDA_HERMAN,Created with secframe.com/badblood.,True,True,False,2024-06-14T04:34:40Z,1969-12-31T23:59:59Z
COLETTE_NICHOLS@DOAZLAB.COM,COLETTE_NICHOLS,Created with secframe.com/badblood.,True,False,False,2024-06-14T04:34:40Z,1969-12-31T23:59:59Z
OTTO_WONG@DOAZLAB.COM,OTTO_WONG,Created with secframe.com/badblood.,True,False,False,2024-06-14T04:34:40Z,1969-12-31T23:59:59Z
SUMMER_CHAN@DOAZLAB.COM,SUMMER_CHAN,Created with secframe.com/badblood.,True,False,False,2024-06-14T04:34:40Z,1969-12-31T23:59:59Z
LANCE_GRAVES@DOAZLAB.COM,LANCE_GRAVES,Created with secframe.com/badblood.,True,True,False,2024-06-14T04:34:41Z,1969-12-31T23:59:59Z
EVERETTE_POOLE@DOAZLAB.COM,EVERETTE_POOLE,Created with secframe.com/badblood.,True,False,False,2024-06-14T04:34:41Z,1969-12-31T23:59:59Z
OCTAVIO_MEADOWS@DOAZLAB.COM,OCTAVIO_MEADOWS,Created with secframe.com/badblood.,True,False,False,2024-06-14T04:34:41Z,1969-12-31T23:59:59Z
KENNITH_ONEIL@DOAZLAB.COM,KENNITH_ONEIL,Created with secframe.com/badblood.,True,False,False,2024-06-14T04:34:41Z,1969-12-31T23:59:59Z
CLARISSA_MURRAY@DOAZLAB.COM,CLARISSA_MURRAY,Created with secframe.com/badblood.,True,False,False,2024-06-14T04:34:42Z,1969-12-31T23:59:59Z
MICHEL_HEWITT@DOAZLAB.COM,MICHEL_HEWITT,Created with secframe.com/badblood.,True,False,False,2024-06-14T04:34:42Z,1969-12-31T23:59:59Z
FLORENCE_PARKS@DOAZLAB.COM,FLORENCE_PARKS,Created with secframe.com/badblood.,True,False,False,2024-06-14T04:34:42Z,1969-12-31T23:59:59Z
DALLAS_MEDINA@DOAZLAB.COM,DALLAS_MEDINA,Created with secframe.com/badblood.,True,False,False,2024-06-14T04:34:42Z,1969-12-31T23:59:59Z
CORNELIA_WALTERS@DOAZLAB.COM,CORNELIA_WALTERS,Created with secframe.com/badblood.,True,False,False,2024-06-14T04:34:42Z,1969-12-31T23:59:59Z
SPENCER_KNOWLES@DOAZLAB.COM,SPENCER_KNOWLES,Created with secframe.com/badblood.,True,False,False,2024-06-14T04:34:43Z,1969-12-31T23:59:59Z
NELDA_VALENCIA@DOAZLAB.COM,NELDA_VALENCIA,Created with secframe.com/badblood.,True,False,False,2024-06-14T04:34:43Z,1969-12-31T23:59:59Z
BEULAH_TANNER@DOAZLAB.COM,BEULAH_TANNER,Created with secframe.com/badblood.,True,False,False,2024-06-14T04:34:43Z,1969-12-31T23:59:59Z
JULIE_MCKENZIE@DOAZLAB.COM,JULIE_MCKENZIE,Created with secframe.com/badblood.,True,False,False,2024-06-14T04:34:43Z,1969-12-31T23:59:59Z
MASON_COLON@DOAZLAB.COM,MASON_COLON,Created with secframe.com/badblood.,True,False,False,2024-06-14T04:34:44Z,1969-12-31T23:59:59Z
ANDREA_HEAD@DOAZLAB.COM,ANDREA_HEAD,Created with secframe.com/badblood.,True,False,False,2024-06-14T04:34:44Z,1969-12-31T23:59:59Z
ELNORA_RANDALL@DOAZLAB.COM,ELNORA_RANDALL,Created with secframe.com/badblood.,True,False,False,2024-06-14T04:34:44Z,1969-12-31T23:59:59Z
FRANKIE_ALVAREZ@DOAZLAB.COM,FRANKIE_ALVAREZ,Created with secframe.com/badblood.,True,False,False,2024-06-14T04:34:44Z,1969-12-31T23:59:59Z
ERICA_THOMPSON@DOAZLAB.COM,ERICA_THOMPSON,Created with secframe.com/badblood.,True,False,False,2024-06-14T04:34:44Z,1969-12-31T23:59:59Z
BENJAMIN_MCNEIL@DOAZLAB.COM,BENJAMIN_MCNEIL,Created with secframe.com/badblood.,True,True,False,2024-06-14T04:34:45Z,1969-12-31T23:59:59Z
HOLLY_SHAW@DOAZLAB.COM,HOLLY_SHAW,Created with secframe.com/badblood.,True,False,False,2024-06-14T04:34:45Z,1969-12-31T23:59:59Z
2396057879SA@DOAZLAB.COM,2396057879SA,Created with secframe.com/badblood.,True,False,False,2024-06-14T04:34:45Z,1969-12-31T23:59:59Z
8115740532SA@DOAZLAB.COM,8115740532SA,Created with secframe.com/badblood.,True,False,False,2024-06-14T04:34:45Z,1969-12-31T23:59:59Z
LAVERNE_WALLER@DOAZLAB.COM,LAVERNE_WALLER,Created with secframe.com/badblood.,True,False,False,2024-06-14T04:34:45Z,1969-12-31T23:59:59Z
DIRK_SILVA@DOAZLAB.COM,DIRK_SILVA,Created with secframe.com/badblood.,True,False,False,2024-06-14T04:34:46Z,1969-12-31T23:59:59Z
JAIME_LONG@DOAZLAB.COM,JAIME_LONG,Created with secframe.com/badblood.,True,False,False,2024-06-14T04:34:46Z,1969-12-31T23:59:59Z
MICKEY_VEGA@DOAZLAB.COM,MICKEY_VEGA,Created with secframe.com/badblood.,True,False,False,2024-06-14T04:34:46Z,1969-12-31T23:59:59Z
IVY_WHITEHEAD@DOAZLAB.COM,IVY_WHITEHEAD,Created with secframe.com/badblood.,True,False,False,2024-06-14T04:34:46Z,1969-12-31T23:59:59Z
BARNEY_MCMILLAN@DOAZLAB.COM,BARNEY_MCMILLAN,Created with secframe.com/badblood.,True,False,False,2024-06-14T04:34:46Z,1969-12-31T23:59:59Z
RODNEY_FRANKLIN@DOAZLAB.COM,RODNEY_FRANKLIN,Created with secframe.com/badblood.,True,False,False,2024-06-14T04:34:47Z,1969-12-31T23:59:59Z
KRISTA_SUMMERS@DOAZLAB.COM,KRISTA_SUMMERS,Created with secframe.com/badblood.,True,False,False,2024-06-14T04:34:47Z,1969-12-31T23:59:59Z
DINA_WEBER@DOAZLAB.COM,DINA_WEBER,Created with secframe.com/badblood.,True,False,False,2024-06-14T04:34:47Z,1969-12-31T23:59:59Z
BERTIE_NUNEZ@DOAZLAB.COM,BERTIE_NUNEZ,Created with secframe.com/badblood.,True,False,False,2024-06-14T04:34:47Z,1969-12-31T23:59:59Z
RAPHAEL_BOLTON@DOAZLAB.COM,RAPHAEL_BOLTON,Created with secframe.com/badblood.,True,True,False,2024-06-14T04:34:48Z,1969-12-31T23:59:59Z
VITO_GARNER@DOAZLAB.COM,VITO_GARNER,Created with secframe.com/badblood.,True,False,False,2024-06-14T04:34:48Z,1969-12-31T23:59:59Z
ED_RIDDLE@DOAZLAB.COM,ED_RIDDLE,Created with secframe.com/badblood.,True,False,False,2024-06-14T04:34:48Z,1969-12-31T23:59:59Z
RAQUEL_DAVIS@DOAZLAB.COM,RAQUEL_DAVIS,Created with secframe.com/badblood.,True,False,False,2024-06-14T04:34:48Z,1969-12-31T23:59:59Z
TAMMY_ANDERSON@DOAZLAB.COM,TAMMY_ANDERSON,Created with secframe.com/badblood.,True,False,False,2024-06-14T04:34:49Z,1969-12-31T23:59:59Z
JEAN_SHEPHERD@DOAZLAB.COM,JEAN_SHEPHERD,Created with secframe.com/badblood.,True,False,False,2024-06-14T04:34:49Z,1969-12-31T23:59:59Z
CLEO_SHAFFER@DOAZLAB.COM,CLEO_SHAFFER,Created with secframe.com/badblood.,True,False,False,2024-06-14T04:34:50Z,1969-12-31T23:59:59Z
CHADWICK_KNIGHT@DOAZLAB.COM,CHADWICK_KNIGHT,Created with secframe.com/badblood.,True,False,False,2024-06-14T04:34:50Z,1969-12-31T23:59:59Z
COURTNEY_HENDERSON@DOAZLAB.COM,COURTNEY_HENDERSON,Created with secframe.com/badblood.,True,False,False,2024-06-14T04:34:50Z,1969-12-31T23:59:59Z
ALISHA_THORNTON@DOAZLAB.COM,ALISHA_THORNTON,Created with secframe.com/badblood.,True,False,False,2024-06-14T04:34:50Z,1969-12-31T23:59:59Z
JOSE_SHELTON@DOAZLAB.COM,JOSE_SHELTON,Created with secframe.com/badblood.,True,False,False,2024-06-14T04:34:51Z,1969-12-31T23:59:59Z
DENNIS_MULLINS@DOAZLAB.COM,DENNIS_MULLINS,Created with secframe.com/badblood.,True,False,False,2024-06-14T04:34:51Z,1969-12-31T23:59:59Z
JAKE_COOPER@DOAZLAB.COM,JAKE_COOPER,Created with secframe.com/badblood.,True,False,False,2024-06-14T04:34:51Z,1969-12-31T23:59:59Z
JAMES_HERRERA@DOAZLAB.COM,JAMES_HERRERA,Created with secframe.com/badblood.,True,False,False,2024-06-14T04:34:51Z,1969-12-31T23:59:59Z
MACK_LAWRENCE@DOAZLAB.COM,MACK_LAWRENCE,Created with secframe.com/badblood.,True,False,False,2024-06-14T04:34:52Z,1969-12-31T23:59:59Z
AUGUST_TILLMAN@DOAZLAB.COM,AUGUST_TILLMAN,Created with secframe.com/badblood.,True,False,False,2024-06-14T04:34:52Z,1969-12-31T23:59:59Z
BRIDGETT_MEJIA@DOAZLAB.COM,BRIDGETT_MEJIA,Created with secframe.com/badblood.,True,False,False,2024-06-14T04:34:52Z,1969-12-31T23:59:59Z
ROSARIO_BAILEY@DOAZLAB.COM,ROSARIO_BAILEY,Created with secframe.com/badblood.,True,False,False,2024-06-14T04:34:52Z,1969-12-31T23:59:59Z
ELMER_LINDSAY@DOAZLAB.COM,ELMER_LINDSAY,Created with secframe.com/badblood.,True,False,False,2024-06-14T04:34:53Z,1969-12-31T23:59:59Z
ALVIN_FRANKLIN@DOAZLAB.COM,ALVIN_FRANKLIN,Created with secframe.com/badblood.,True,False,False,2024-06-14T04:34:53Z,1969-12-31T23:59:59Z
ERIC_WONG@DOAZLAB.COM,ERIC_WONG,Created with secframe.com/badblood.,True,False,False,2024-06-14T04:34:53Z,1969-12-31T23:59:59Z
JORDAN_BULLOCK@DOAZLAB.COM,JORDAN_BULLOCK,Created with secframe.com/badblood.,True,False,False,2024-06-14T04:34:53Z,1969-12-31T23:59:59Z
ERROL_RODRIQUEZ@DOAZLAB.COM,ERROL_RODRIQUEZ,Created with secframe.com/badblood.,True,False,False,2024-06-14T04:34:53Z,1969-12-31T23:59:59Z
BENJAMIN_DOMINGUEZ@DOAZLAB.COM,BENJAMIN_DOMINGUEZ,Created with secframe.com/badblood.,True,False,False,2024-06-14T04:34:54Z,1969-12-31T23:59:59Z
DWAYNE_PRATT@DOAZLAB.COM,DWAYNE_PRATT,Created with secframe.com/badblood.,True,False,False,2024-06-14T04:34:54Z,1969-12-31T23:59:59Z
ALISHA_JUAREZ@DOAZLAB.COM,ALISHA_JUAREZ,Created with secframe.com/badblood.,True,False,False,2024-06-14T04:34:54Z,1969-12-31T23:59:59Z
LATOYA_SCOTT@DOAZLAB.COM,LATOYA_SCOTT,Created with secframe.com/badblood.,True,False,False,2024-06-14T04:34:54Z,1969-12-31T23:59:59Z
JEREMIAH_LUNA@DOAZLAB.COM,JEREMIAH_LUNA,Created with secframe.com/badblood.,True,False,False,2024-06-14T04:34:55Z,1969-12-31T23:59:59Z
HENRY_CRANE@DOAZLAB.COM,HENRY_CRANE,Created with secframe.com/badblood.,True,False,False,2024-06-14T04:34:55Z,1969-12-31T23:59:59Z
4122440252SA@DOAZLAB.COM,4122440252SA,Created with secframe.com/badblood.,True,False,False,2024-06-14T04:34:55Z,1969-12-31T23:59:59Z
SARAH_VAUGHN@DOAZLAB.COM,SARAH_VAUGHN,Created with secframe.com/badblood.,True,False,False,2024-06-14T04:34:55Z,1969-12-31T23:59:59Z
CHADWICK_KELLY@DOAZLAB.COM,CHADWICK_KELLY,Created with secframe.com/badblood.,True,False,False,2024-06-14T04:34:55Z,1969-12-31T23:59:59Z
AMADO_GAMBLE@DOAZLAB.COM,AMADO_GAMBLE,Created with secframe.com/badblood.,True,False,False,2024-06-14T04:34:56Z,1969-12-31T23:59:59Z
JARROD_ADAMS@DOAZLAB.COM,JARROD_ADAMS,Created with secframe.com/badblood.,True,False,False,2024-06-14T04:34:56Z,1969-12-31T23:59:59Z
STEFAN_KELLEY@DOAZLAB.COM,STEFAN_KELLEY,Created with secframe.com/badblood.,True,False,False,2024-06-14T04:34:56Z,1969-12-31T23:59:59Z
LAURI_CASEY@DOAZLAB.COM,LAURI_CASEY,Created with secframe.com/badblood.,True,False,False,2024-06-14T04:34:56Z,1969-12-31T23:59:59Z
LORRAINE_CALHOUN@DOAZLAB.COM,LORRAINE_CALHOUN,Created with secframe.com/badblood.,True,False,False,2024-06-14T04:34:56Z,1969-12-31T23:59:59Z
TOM_DILLARD@DOAZLAB.COM,TOM_DILLARD,Created with secframe.com/badblood.,True,False,False,2024-06-14T04:34:57Z,1969-12-31T23:59:59Z
MAMIE_RICHARDS@DOAZLAB.COM,MAMIE_RICHARDS,Created with secframe.com/badblood.,True,False,False,2024-06-14T04:34:57Z,1969-12-31T23:59:59Z
WINFRED_DANIEL@DOAZLAB.COM,WINFRED_DANIEL,Created with secframe.com/badblood.,True,False,False,2024-06-14T04:34:57Z,1969-12-31T23:59:59Z
CARLA_MCCLURE@DOAZLAB.COM,CARLA_MCCLURE,Created with secframe.com/badblood.,True,False,False,2024-06-14T04:34:57Z,1969-12-31T23:59:59Z
CANDY_HUMPHREY@DOAZLAB.COM,CANDY_HUMPHREY,Created with secframe.com/badblood.,True,False,False,2024-06-14T04:34:58Z,1969-12-31T23:59:59Z
SCOTTY_MULLINS@DOAZLAB.COM,SCOTTY_MULLINS,Created with secframe.com/badblood.,True,False,False,2024-06-14T04:34:58Z,1969-12-31T23:59:59Z
ROMEO_LAWRENCE@DOAZLAB.COM,ROMEO_LAWRENCE,Created with secframe.com/badblood.,True,False,False,2024-06-14T04:34:58Z,1969-12-31T23:59:59Z
MASON_STUART@DOAZLAB.COM,MASON_STUART,Created with secframe.com/badblood.,True,False,False,2024-06-14T04:34:58Z,1969-12-31T23:59:59Z
ELISE_SAWYER@DOAZLAB.COM,ELISE_SAWYER,Created with secframe.com/badblood.,True,False,False,2024-06-14T04:34:59Z,1969-12-31T23:59:59Z
LUIS.GRAVES@DOAZLAB.COM,,Accounting Controller,True,False,False,2024-06-14T04:35:24Z,1969-12-31T23:59:59Z
HELOISE.BRINN@DOAZLAB.COM,,Chief Executive,True,False,False,2024-06-14T04:39:05Z,1969-12-31T23:59:59Z
DOLABSANYREAD@DOAZLAB.COM,DOLabsAnyRead,,True,False,True,2024-06-14T04:43:21Z,1969-12-31T23:59:59Z
DOLABSADEX@DOAZLAB.COM,DOLabsADEx,,True,False,False,2024-06-14T04:43:31Z,1969-12-31T23:59:59Z
DOLABSDA@DOAZLAB.COM,DOLabsDA,,True,True,False,2024-06-14T04:43:42Z,1969-12-31T23:59:59Z
DOLABSSYNC@DOAZLAB.COM,DOLabsSync,,True,False,False,2024-06-14T04:43:53Z,1969-12-31T23:59:59Z
ELLA_MEJIA@DOAZLAB.COM,,Just so I dont forget my password is Yzafqau7r3EQdrdw!#Eiunp,True,False,True,2024-06-14T04:44:22Z,1969-12-31T23:59:59Z
NOPRIVUSER@DOAZLAB.COM,,,True,False,False,2024-06-17T01:41:39Z,1969-12-31T23:59:59Z
