"MemberIds","GroupName"
"098e7627-228d-460c-8dda-858479720eac,8ebbf27c-531a-4c5d-bcee-8e075e66fda2,d9d8e812-9ae6-44d3-8b4a-dc84bf989538","Public Team"
"cccdb964-6bd3-4beb-9ce7-2e91d15149d4,098e7627-228d-460c-8dda-858479720eac,8ebbf27c-531a-4c5d-bcee-8e075e66fda2,d9d8e812-9ae6-44d3-8b4a-dc84bf989538","Administrators"
"cccdb964-6bd3-4beb-9ce7-2e91d15149d4,098e7627-228d-460c-8dda-858479720eac","Private Team"
"098e7627-228d-460c-8dda-858479720eac,062bb0f2-4092-4f76-9764-a3808b71eca2,5302f503-f835-4a28-b94c-a741455a39db,8ebbf27c-531a-4c5d-bcee-8e075e66fda2","Tyrell Genetic Engineers"
"098e7627-228d-460c-8dda-858479720eac","admin communication site"
"098e7627-228d-460c-8dda-858479720eac","Secret SharePoint Site"
"d9d8e812-9ae6-44d3-8b4a-dc84bf989538","Non-Admin Created M365 Group"
"8ebbf27c-531a-4c5d-bcee-8e075e66fda2,d9d8e812-9ae6-44d3-8b4a-dc84bf989538","TestNoRoleAccess"
"098e7627-228d-460c-8dda-858479720eac,062bb0f2-4092-4f76-9764-a3808b71eca2,5302f503-f835-4a28-b94c-a741455a39db","Tyrell Genetic Engineers"
"50cf21c3-9a14-4e37-a53c-785ec9f21103,069d4fdc-2c9b-47b2-b10a-2dbeb4150f5c","Dynamic Admin Group"
"","Group for Answers in Viva Engage ? DO NOT DELETE 32066732032"
"cccdb964-6bd3-4beb-9ce7-2e91d15149d4,098e7627-228d-460c-8dda-858479720eac,d9d8e812-9ae6-44d3-8b4a-dc84bf989538","Administrators"
"d9d8e812-9ae6-44d3-8b4a-dc84bf989538","TestM365Group"
"","Role Assignable Admins"
"","SuperUsers"
"098e7627-228d-460c-8dda-858479720eac,8ebbf27c-531a-4c5d-bcee-8e075e66fda2,d9d8e812-9ae6-44d3-8b4a-dc84bf989538","Next-Gen Team"
"cccdb964-6bd3-4beb-9ce7-2e91d15149d4,a14f30ba-ecd1-42de-ae9a-732162b77425,68aabd44-cde4-44a3-8995-7c1207f0e199,d9d8e812-9ae6-44d3-8b4a-dc84bf989538","Replicants"
"d9d8e812-9ae6-44d3-8b4a-dc84bf989538","test public group from admin center"
"d9d8e812-9ae6-44d3-8b4a-dc84bf989538","Test M365 No Roles"
"7d62ade4-e0f7-46ce-aef8-ca01cd631aef,8ebbf27c-531a-4c5d-bcee-8e075e66fda2","Law Enforcement"
"4297817d-1981-44fe-8d9b-ae026e682ddd,cccdb964-6bd3-4beb-9ce7-2e91d15149d4,96921691-a0fd-405d-b095-9707262c8e97,098e7627-228d-460c-8dda-858479720eac,50cf21c3-9a14-4e37-a53c-785ec9f21103,b87b3d14-a46c-4566-88ab-134677665a68,a14f30ba-ecd1-42de-ae9a-732162b77425,062bb0f2-4092-4f76-9764-a3808b71eca2,68aabd44-cde4-44a3-8995-7c1207f0e199,5302f503-f835-4a28-b94c-a741455a39db,7d62ade4-e0f7-46ce-aef8-ca01cd631aef,e1dfa712-68bd-449d-b695-d2a239d16f1d,8ebbf27c-531a-4c5d-bcee-8e075e66fda2,d9d8e812-9ae6-44d3-8b4a-dc84bf989538,fa0e10e9-f3fe-4fb5-a21e-3616f877c70a,069d4fdc-2c9b-47b2-b10a-2dbeb4150f5c,e1559f66-79ef-4423-8b40-521f39e3a035,ec1483f0-09c3-4d3c-9386-144f8c034528","All Users"
"4297817d-1981-44fe-8d9b-ae026e682ddd,e1dfa712-68bd-449d-b695-d2a239d16f1d,8ebbf27c-531a-4c5d-bcee-8e075e66fda2","All Company"
"","Library Assist"
"4297817d-1981-44fe-8d9b-ae026e682ddd,cccdb964-6bd3-4beb-9ce7-2e91d15149d4,96921691-a0fd-405d-b095-9707262c8e97,098e7627-228d-460c-8dda-858479720eac,50cf21c3-9a14-4e37-a53c-785ec9f21103,b87b3d14-a46c-4566-88ab-134677665a68,a14f30ba-ecd1-42de-ae9a-732162b77425,68aabd44-cde4-44a3-8995-7c1207f0e199,5302f503-f835-4a28-b94c-a741455a39db,7d62ade4-e0f7-46ce-aef8-ca01cd631aef,8ebbf27c-531a-4c5d-bcee-8e075e66fda2,d9d8e812-9ae6-44d3-8b4a-dc84bf989538","Tyrell Corp"
"8ebbf27c-531a-4c5d-bcee-8e075e66fda2,d9d8e812-9ae6-44d3-8b4a-dc84bf989538","Tyrell Team Site"
