"displayName","id","description","isAssignableToRole","onPremisesSyncEnabled","mail","createdDateTime","visibility"
"Public Team","00f5ad09-b484-49e9-9c58-4d39ceee6075","Public Team",,,"PublicTeam@tyrellcorporation.io","2023-10-05T00:48:19Z","Public"
"Administrators","02768692-d5a8-4ccd-82d2-2e0d6355755a",,,,,"2024-04-03T20:38:46Z",
"Tyrell Genetic Engineers","16a8d4c4-7d6d-41a8-a874-ebd9aef71347",,,,,"2023-12-08T22:08:50Z",
"TestNoRoleAccess","31bac23f-c468-4c75-a3e2-16f57de06053",,,,,"2023-09-21T15:38:26Z",
"Group for Answers in Viva Engage ? DO NOT DELETE 32066732032","45102556-dc0b-4187-acf6-b9e966af6769","Group that stores content and metadata for Answers in Viva Engage in network 32066732032. Deleting this this group will disrupt Answers in Viva Engage.",,,"groupforanswersinvivaengagedonotdelete32066732032139@glitchcloud.com","2023-08-10T15:33:43Z","Public"
"Administrators","45aef79e-d92c-4f24-8a7d-658c3d66ca1e",,,,,"2023-08-28T20:13:36Z",
"Next-Gen Team","7481fb7e-7137-4b98-895c-dfb5b2a7b5c1","Next-Gen Team",,,"Next-GenTeam@tyrellcorporation.io","2023-10-05T01:08:48Z","Public"
"test public group from admin center","bd2b18fe-9e3e-4ab8-a620-1bc52d89e95d","test public group from admin center","False",,"newgroupfromadmincenter@tyrellcorporation.io","2023-10-05T15:12:19Z","Public"
"All Company","dec3b07c-d4ff-4b01-9f8b-fb60b8f7fd85","This is the default group for everyone in the network",,,"allcompany@glitchcloud.com","2020-09-04T12:47:48Z","Public"
"Library Assist","e7d65139-172a-456f-8149-f285e79b6ee1","Self help community for library",,,"library@glitchcloud.com","2023-08-21T18:32:37Z","Public"
"Tyrell Corp","f7620ff4-6d7f-4399-b882-8140f0eb292b","Tyrell Corp",,,"Glitchcloud@glitchcloud.com","2020-03-25T17:45:43Z","Public"
"Tyrell Team Site","f9e1d9f9-3e9a-49ca-90e4-d88a2435e9f6","Tyrell Team Site",,,"TestTeamSite@glitchcloud.com","2023-08-17T01:09:23Z","Private"
