"Detector Name","File Name","DriveItemID","Last Modified Date","Preview","Location","Size"
"AWS Keys","aws-credentials.txt","b!UZKcPDJOak6rlVu_8sqLHrL37OSkA7tNiIu6hH3cVmYli4rws4usRomUi9sy-cG4:01F276Q3VUG7J24COZR5HZJBQM2JFQKB3X","2023-09-03T20:39:11Z","<ddd/><c0>aws</c0>_access_key_id=AKIAIOSFODNN7EXAMPLE <c0>aws</c0>_secret_access_key=wJalrXUtnFEMI/K7MDENG/<ddd/>","https://tyrellcorporation.sharepoint.com/sites/TestTeamSite/Shared Documents/Secret Plans/aws-credentials.txt","223 Bytes"
"AWS Keys","aws-credentials.txt","b!7aFwU6bLgEKBqIZf6QWU2AthUINjCTRIleTRfxfGTXyldbIQfldWQZaHMr-jsVht:01NK7Z5UNKRDKKHKKRVBG3P3XCDRMRPHPU","2023-09-13T15:04:36Z","<ddd/><c0>aws</c0>_access_key_id=AKIAIOSFODNN7EXAMPLE <c0>aws</c0>_secret_access_key=wJalrXUtnFEMI/K7MDENG/<ddd/>","https://tyrellcorporation.sharepoint.com/sites/PrivateSharePointSite/Shared Documents/aws-credentials.txt","223 Bytes"
"AWS Keys","aws-credentials.txt","b!UZKcPDJOak6rlVu_8sqLHrL37OSkA7tNiIu6hH3cVmYli4rws4usRomUi9sy-cG4:01F276Q3RP4Z6V42SZKFA2KVCYBX5N7GS2","2023-09-03T21:14:13Z","<ddd/><c0>aws</c0>_access_key_id=AKIAIOSFODNN7EXAMPLE <c0>aws</c0>_secret_access_key=wJalrXUtnFEMI/K7MDENG/<ddd/>","https://tyrellcorporation.sharepoint.com/sites/TestTeamSite/Shared Documents/Secret Plans/Test Sensitive Data/aws-credentials.txt","223 Bytes"
"AWS Keys","aws-credentials.txt","b!UZKcPDJOak6rlVu_8sqLHrL37OSkA7tNiIu6hH3cVmYli4rws4usRomUi9sy-cG4:01F276Q3VUG7J24COZR5HZJBQM2JFQKB3X","2023-09-03T20:39:11Z","<ddd/><c0>aws</c0>_access_key_id=AKIAIOSFODNN7EXAMPLE <c0>aws</c0>_secret_access_key=wJalrXUtnFEMI/K7MDENG/<ddd/>","https://tyrellcorporation.sharepoint.com/sites/TestTeamSite/Shared Documents/Secret Plans/aws-credentials.txt","223 Bytes"
"AWS Keys","aws-credentials.txt","b!UZKcPDJOak6rlVu_8sqLHrL37OSkA7tNiIu6hH3cVmYli4rws4usRomUi9sy-cG4:01F276Q3RP4Z6V42SZKFA2KVCYBX5N7GS2","2023-09-03T21:14:13Z","<ddd/><c0>aws</c0>_access_key_id=AKIAIOSFODNN7EXAMPLE <c0>aws</c0>_secret_access_key=wJalrXUtnFEMI/K7MDENG/<ddd/>","https://tyrellcorporation.sharepoint.com/sites/TestTeamSite/Shared Documents/Secret Plans/Test Sensitive Data/aws-credentials.txt","223 Bytes"
"AWS Keys","aws-credentials.txt","b!7aFwU6bLgEKBqIZf6QWU2AthUINjCTRIleTRfxfGTXyldbIQfldWQZaHMr-jsVht:01NK7Z5UNKRDKKHKKRVBG3P3XCDRMRPHPU","2023-09-13T15:04:36Z","<ddd/><c0>aws</c0>_access_key_id=AKIAIOSFODNN7EXAMPLE <c0>aws</c0>_secret_access_key=wJalrXUtnFEMI/K7MDENG/<ddd/>","https://tyrellcorporation.sharepoint.com/sites/PrivateSharePointSite/Shared Documents/aws-credentials.txt","223 Bytes"
"Private Keys","testkey.txt","b!UZKcPDJOak6rlVu_8sqLHrL37OSkA7tNiIu6hH3cVmYli4rws4usRomUi9sy-cG4:01F276Q3TUKHEMSUZGVFGY3NC3IMMNJ2PS","2023-09-03T21:14:46Z","-----<c0>BEGIN</c0> <c0>RSA</c0> <c0>PRIVATE</c0> <c0>KEY</c0>----- MIIEpQIBAAKCAQEAx0jTdPKp/<ddd/>","https://tyrellcorporation.sharepoint.com/sites/TestTeamSite/Shared Documents/Secret Plans/Test Sensitive Data/testkey.txt","960 Bytes"
"Private Keys","testkey.txt","b!UZKcPDJOak6rlVu_8sqLHrL37OSkA7tNiIu6hH3cVmYli4rws4usRomUi9sy-cG4:01F276Q3TUKHEMSUZGVFGY3NC3IMMNJ2PS","2023-09-03T21:14:46Z","-----<c0>BEGIN</c0> <c0>RSA</c0> <c0>PRIVATE</c0> <c0>KEY</c0>----- MIIEpQIBAAKCAQEAx0jTdPKp/<ddd/>","https://tyrellcorporation.sharepoint.com/sites/TestTeamSite/Shared Documents/Secret Plans/Test Sensitive Data/testkey.txt","960 Bytes"
"Private Key Found In Non-Standard Key File","testkey.txt","b!UZKcPDJOak6rlVu_8sqLHrL37OSkA7tNiIu6hH3cVmYli4rws4usRomUi9sy-cG4:01F276Q3TUKHEMSUZGVFGY3NC3IMMNJ2PS","2023-09-03T21:14:46Z","-----BEGIN RSA PRIVATE KEY----- MIIEpQIBAAKCAQEAx0jTdPKp/d2yl6rN4LEiDZy4B0cQjxyUMFIvjdx7xZn5O3Bx fakePrivateKeyDataGoesHere1234567890abcdefghijklmnopqrstuvwxyz<ddd/>","https://tyrellcorporation.sharepoint.com/sites/TestTeamSite/Shared Documents/Secret Plans/Test Sensitive Data/testkey.txt","960 Bytes"
"Private Key Found In Non-Standard Key File","testkey.txt","b!UZKcPDJOak6rlVu_8sqLHrL37OSkA7tNiIu6hH3cVmYli4rws4usRomUi9sy-cG4:01F276Q3TUKHEMSUZGVFGY3NC3IMMNJ2PS","2023-09-03T21:14:46Z","-----BEGIN RSA PRIVATE KEY----- MIIEpQIBAAKCAQEAx0jTdPKp/d2yl6rN4LEiDZy4B0cQjxyUMFIvjdx7xZn5O3Bx fakePrivateKeyDataGoesHere1234567890abcdefghijklmnopqrstuvwxyz<ddd/>","https://tyrellcorporation.sharepoint.com/sites/TestTeamSite/Shared Documents/Secret Plans/Test Sensitive Data/testkey.txt","960 Bytes"
"Image Deployment","deploy.wim","b!UZKcPDJOak6rlVu_8sqLHrL37OSkA7tNiIu6hH3cVmYli4rws4usRomUi9sy-cG4:01F276Q3THWVNOL5RPO5G3MLQTMZF2TWBS","2023-09-03T21:14:17Z","","https://tyrellcorporation.sharepoint.com/sites/TestTeamSite/Shared Documents/Forms/DispForm.aspx?ID=14","20 Bytes"
"Image Deployment","deploy.wim","b!UZKcPDJOak6rlVu_8sqLHrL37OSkA7tNiIu6hH3cVmYli4rws4usRomUi9sy-cG4:01F276Q3THWVNOL5RPO5G3MLQTMZF2TWBS","2023-09-03T21:14:17Z","","https://tyrellcorporation.sharepoint.com/sites/TestTeamSite/Shared Documents/Forms/DispForm.aspx?ID=14","20 Bytes"
"Domain Join Creds (customsettings)","customsettings.ini","b!UZKcPDJOak6rlVu_8sqLHrL37OSkA7tNiIu6hH3cVmYli4rws4usRomUi9sy-cG4:01F276Q3SEPX2VUCK6FNHYT3XBBN5LXQ5N","2023-09-03T21:14:13Z","This is a test file.","https://tyrellcorporation.sharepoint.com/sites/TestTeamSite/Shared Documents/Secret Plans/Test Sensitive Data/customsettings.ini","20 Bytes"
"Domain Join Creds (customsettings)","customsettings.ini","b!UZKcPDJOak6rlVu_8sqLHrL37OSkA7tNiIu6hH3cVmYli4rws4usRomUi9sy-cG4:01F276Q3SEPX2VUCK6FNHYT3XBBN5LXQ5N","2023-09-03T21:14:13Z","This is a test file.","https://tyrellcorporation.sharepoint.com/sites/TestTeamSite/Shared Documents/Secret Plans/Test Sensitive Data/customsettings.ini","20 Bytes"
"FTP Client Config","recentservers.xml","b!UZKcPDJOak6rlVu_8sqLHrL37OSkA7tNiIu6hH3cVmYli4rws4usRomUi9sy-cG4:01F276Q3TNP36ZX6D6XZEY34IZBRR2VWPP","2023-09-03T21:14:44Z","This is a test file.","https://tyrellcorporation.sharepoint.com/sites/TestTeamSite/Shared Documents/Secret Plans/Test Sensitive Data/recentservers.xml","20 Bytes"
"FTP Client Config","recentservers.xml","b!UZKcPDJOak6rlVu_8sqLHrL37OSkA7tNiIu6hH3cVmYli4rws4usRomUi9sy-cG4:01F276Q3TNP36ZX6D6XZEY34IZBRR2VWPP","2023-09-03T21:14:44Z","This is a test file.","https://tyrellcorporation.sharepoint.com/sites/TestTeamSite/Shared Documents/Secret Plans/Test Sensitive Data/recentservers.xml","20 Bytes"
"FTP Server Config","filezilla.xml","b!UZKcPDJOak6rlVu_8sqLHrL37OSkA7tNiIu6hH3cVmYli4rws4usRomUi9sy-cG4:01F276Q3TMHTPDRYSPZBELP7EXIGEASYML","2023-09-03T21:14:25Z","This is a test file.","https://tyrellcorporation.sharepoint.com/sites/TestTeamSite/Shared Documents/Secret Plans/Test Sensitive Data/filezilla.xml","20 Bytes"
"FTP Server Config","filezilla.xml","b!UZKcPDJOak6rlVu_8sqLHrL37OSkA7tNiIu6hH3cVmYli4rws4usRomUi9sy-cG4:01F276Q3TMHTPDRYSPZBELP7EXIGEASYML","2023-09-03T21:14:25Z","This is a test file.","https://tyrellcorporation.sharepoint.com/sites/TestTeamSite/Shared Documents/Secret Plans/Test Sensitive Data/filezilla.xml","20 Bytes"
"Infrastructure As Code","main.tf","b!UZKcPDJOak6rlVu_8sqLHrL37OSkA7tNiIu6hH3cVmYli4rws4usRomUi9sy-cG4:01F276Q3VDGNWS3EIYHZH3WL6RKTLC6M7L","2023-09-03T21:14:35Z","","https://tyrellcorporation.sharepoint.com/sites/TestTeamSite/Shared Documents/Forms/DispForm.aspx?ID=23","82 Bytes"
"Infrastructure As Code","database.yml","b!UZKcPDJOak6rlVu_8sqLHrL37OSkA7tNiIu6hH3cVmYli4rws4usRomUi9sy-cG4:01F276Q3SZYPWYOR45TRBZQRGBUJI6UHIL","2023-09-03T21:14:14Z","","https://tyrellcorporation.sharepoint.com/sites/TestTeamSite/Shared Documents/Forms/DispForm.aspx?ID=13","38 Bytes"
"Infrastructure As Code","main.tf","b!UZKcPDJOak6rlVu_8sqLHrL37OSkA7tNiIu6hH3cVmYli4rws4usRomUi9sy-cG4:01F276Q3VDGNWS3EIYHZH3WL6RKTLC6M7L","2023-09-03T21:14:35Z","","https://tyrellcorporation.sharepoint.com/sites/TestTeamSite/Shared Documents/Forms/DispForm.aspx?ID=23","82 Bytes"
"Infrastructure As Code","database.yml","b!UZKcPDJOak6rlVu_8sqLHrL37OSkA7tNiIu6hH3cVmYli4rws4usRomUi9sy-cG4:01F276Q3SZYPWYOR45TRBZQRGBUJI6UHIL","2023-09-03T21:14:14Z","","https://tyrellcorporation.sharepoint.com/sites/TestTeamSite/Shared Documents/Forms/DispForm.aspx?ID=13","38 Bytes"
"Java DB Connection Strings","javadb.jsp","b!UZKcPDJOak6rlVu_8sqLHrL37OSkA7tNiIu6hH3cVmYli4rws4usRomUi9sy-cG4:01F276Q3RUKUFYFCZG7VH3LWY5PDFNTBHL","2023-09-03T21:14:32Z","public static ResultSet getWords(String word) throws SQLException { try {//from w ww. j a v a2 s. c o m Class.forName(""com.mysql.jdbc.Driver""); Connection con = DriverManager.","https://tyrellcorporation.sharepoint.com/sites/TestTeamSite/Shared Documents/Secret Plans/Test Sensitive Data/javadb.jsp","623 Bytes"
"Java DB Connection Strings","javadb.jsp","b!UZKcPDJOak6rlVu_8sqLHrL37OSkA7tNiIu6hH3cVmYli4rws4usRomUi9sy-cG4:01F276Q3RUKUFYFCZG7VH3LWY5PDFNTBHL","2023-09-03T21:14:32Z","public static ResultSet getWords(String word) throws SQLException { try {//from w ww. j a v a2 s. c o m Class.forName(""com.mysql.jdbc.Driver""); Connection con = DriverManager.","https://tyrellcorporation.sharepoint.com/sites/TestTeamSite/Shared Documents/Secret Plans/Test Sensitive Data/javadb.jsp","623 Bytes"
"Jenkins","credentials.xml","b!UZKcPDJOak6rlVu_8sqLHrL37OSkA7tNiIu6hH3cVmYli4rws4usRomUi9sy-cG4:01F276Q3WSTY2CSR73VVAIQJNY6EIURY4H","2023-09-03T21:14:13Z","hashed_pw=â€™$PASSWORDHASHâ€™ passwd = hudson.util.Secret.decrypt(hashed_pw) println(passwd)","https://tyrellcorporation.sharepoint.com/sites/TestTeamSite/Shared Documents/Secret Plans/Test Sensitive Data/credentials.xml","94 Bytes"
"Jenkins","credentials.xml","b!UZKcPDJOak6rlVu_8sqLHrL37OSkA7tNiIu6hH3cVmYli4rws4usRomUi9sy-cG4:01F276Q3WSTY2CSR73VVAIQJNY6EIURY4H","2023-09-03T21:14:13Z","hashed_pw=â€™$PASSWORDHASHâ€™ passwd = hudson.util.Secret.decrypt(hashed_pw) println(passwd)","https://tyrellcorporation.sharepoint.com/sites/TestTeamSite/Shared Documents/Secret Plans/Test Sensitive Data/credentials.xml","94 Bytes"
"Password Manager","vault.kdbx","b!UZKcPDJOak6rlVu_8sqLHrL37OSkA7tNiIu6hH3cVmYli4rws4usRomUi9sy-cG4:01F276Q3S3NP5J7LTZLBE2QPO47ENGSMAN","2023-09-03T21:14:47Z","","https://tyrellcorporation.sharepoint.com/sites/TestTeamSite/Shared Documents/Forms/DispForm.aspx?ID=32","94 Bytes"
"Password Manager","vault.kdbx","b!UZKcPDJOak6rlVu_8sqLHrL37OSkA7tNiIu6hH3cVmYli4rws4usRomUi9sy-cG4:01F276Q3S3NP5J7LTZLBE2QPO47ENGSMAN","2023-09-03T21:14:47Z","","https://tyrellcorporation.sharepoint.com/sites/TestTeamSite/Shared Documents/Forms/DispForm.aspx?ID=32","94 Bytes"
"Packet Capture","dhcp.pcap","b!UZKcPDJOak6rlVu_8sqLHrL37OSkA7tNiIu6hH3cVmYli4rws4usRomUi9sy-cG4:01F276Q3WWAWFGHIQPH5BZ5L3NRMVXV7FF","2023-09-03T21:14:21Z","","https://tyrellcorporation.sharepoint.com/sites/TestTeamSite/Shared Documents/Forms/DispForm.aspx?ID=15","1.37 KB"
"Packet Capture","dhcp.pcap","b!UZKcPDJOak6rlVu_8sqLHrL37OSkA7tNiIu6hH3cVmYli4rws4usRomUi9sy-cG4:01F276Q3WWAWFGHIQPH5BZ5L3NRMVXV7FF","2023-09-03T21:14:21Z","","https://tyrellcorporation.sharepoint.com/sites/TestTeamSite/Shared Documents/Forms/DispForm.aspx?ID=15","1.37 KB"
"Remote Access","example.rdp","b!UZKcPDJOak6rlVu_8sqLHrL37OSkA7tNiIu6hH3cVmYli4rws4usRomUi9sy-cG4:01F276Q3WWVXWZKMHI5ZCKVLNOZE32574F","2023-09-03T21:14:21Z","","https://tyrellcorporation.sharepoint.com/sites/TestTeamSite/Shared Documents/Forms/DispForm.aspx?ID=16","714 Bytes"
"Remote Access","config.ovpn","b!UZKcPDJOak6rlVu_8sqLHrL37OSkA7tNiIu6hH3cVmYli4rws4usRomUi9sy-cG4:01F276Q3XDMVBVV2TKHNDKW4PQCF2YOUWA","2023-09-03T21:14:13Z","","https://tyrellcorporation.sharepoint.com/sites/TestTeamSite/Shared Documents/Forms/DispForm.aspx?ID=9","38 Bytes"
"Remote Access","example.rdp","b!UZKcPDJOak6rlVu_8sqLHrL37OSkA7tNiIu6hH3cVmYli4rws4usRomUi9sy-cG4:01F276Q3WWVXWZKMHI5ZCKVLNOZE32574F","2023-09-03T21:14:21Z","","https://tyrellcorporation.sharepoint.com/sites/TestTeamSite/Shared Documents/Forms/DispForm.aspx?ID=16","714 Bytes"
"Remote Access","config.ovpn","b!UZKcPDJOak6rlVu_8sqLHrL37OSkA7tNiIu6hH3cVmYli4rws4usRomUi9sy-cG4:01F276Q3XDMVBVV2TKHNDKW4PQCF2YOUWA","2023-09-03T21:14:13Z","","https://tyrellcorporation.sharepoint.com/sites/TestTeamSite/Shared Documents/Forms/DispForm.aspx?ID=9","38 Bytes"
"Ruby Config","database.yml","b!UZKcPDJOak6rlVu_8sqLHrL37OSkA7tNiIu6hH3cVmYli4rws4usRomUi9sy-cG4:01F276Q3SZYPWYOR45TRBZQRGBUJI6UHIL","2023-09-03T21:14:14Z","","https://tyrellcorporation.sharepoint.com/sites/TestTeamSite/Shared Documents/Forms/DispForm.aspx?ID=13","38 Bytes"
"Ruby Config","database.yml","b!UZKcPDJOak6rlVu_8sqLHrL37OSkA7tNiIu6hH3cVmYli4rws4usRomUi9sy-cG4:01F276Q3SZYPWYOR45TRBZQRGBUJI6UHIL","2023-09-03T21:14:14Z","","https://tyrellcorporation.sharepoint.com/sites/TestTeamSite/Shared Documents/Forms/DispForm.aspx?ID=13","38 Bytes"
"Shell History",".bash_history","b!UZKcPDJOak6rlVu_8sqLHrL37OSkA7tNiIu6hH3cVmYli4rws4usRomUi9sy-cG4:01F276Q3SCLM23Y6CWAFGJL5527QS4RSML","2023-09-03T21:14:13Z","","https://tyrellcorporation.sharepoint.com/sites/TestTeamSite/Shared Documents/Forms/DispForm.aspx?ID=6","26 Bytes"
"Shell History",".bash_history","b!UZKcPDJOak6rlVu_8sqLHrL37OSkA7tNiIu6hH3cVmYli4rws4usRomUi9sy-cG4:01F276Q3SCLM23Y6CWAFGJL5527QS4RSML","2023-09-03T21:14:13Z","","https://tyrellcorporation.sharepoint.com/sites/TestTeamSite/Shared Documents/Forms/DispForm.aspx?ID=6","26 Bytes"
"Unattend Install","unattend.xml","b!HFv3G5YsOEuQD_kO16X4ocC1ypyEutZOjJkO9Wx2Ms8eRDVYxcvGTJEHQuPSJ-8_:01RN6ZV5FPTLHOQVOILFBIUGMEYMFH7JYQ","2023-09-21T00:28:23Z"," false PlaceholderUser PlaceholderPassword 1 PlaceholderAdministratorPassword true<ddd/>","https://tyrellcorporation.sharepoint.com/sites/SecretSharePointSite/Shared Documents/unattend.xml","839 Bytes"
"Unattend Install","unattend.xml","b!UZKcPDJOak6rlVu_8sqLHrL37OSkA7tNiIu6hH3cVmYli4rws4usRomUi9sy-cG4:01F276Q3WFSI3DJ4PYX5FLB6RPA7GDB7UG","2023-09-03T21:14:46Z"," false PlaceholderUser PlaceholderPassword 1 PlaceholderAdministratorPassword true<ddd/>","https://tyrellcorporation.sharepoint.com/sites/TestTeamSite/Shared Documents/Secret Plans/Test Sensitive Data/unattend.xml","839 Bytes"
"Unattend Install","unattend.xml","b!HFv3G5YsOEuQD_kO16X4ocC1ypyEutZOjJkO9Wx2Ms8eRDVYxcvGTJEHQuPSJ-8_:01RN6ZV5FPTLHOQVOILFBIUGMEYMFH7JYQ","2023-09-21T00:28:23Z"," false PlaceholderUser PlaceholderPassword 1 PlaceholderAdministratorPassword true<ddd/>","https://tyrellcorporation.sharepoint.com/sites/SecretSharePointSite/Shared Documents/unattend.xml","839 Bytes"
"Unattend Install","unattend.xml","b!UZKcPDJOak6rlVu_8sqLHrL37OSkA7tNiIu6hH3cVmYli4rws4usRomUi9sy-cG4:01F276Q3WFSI3DJ4PYX5FLB6RPA7GDB7UG","2023-09-03T21:14:46Z"," false PlaceholderUser PlaceholderPassword 1 PlaceholderAdministratorPassword true<ddd/>","https://tyrellcorporation.sharepoint.com/sites/TestTeamSite/Shared Documents/Secret Plans/Test Sensitive Data/unattend.xml","839 Bytes"
"NTDS","NTDS.dit","b!UZKcPDJOak6rlVu_8sqLHrL37OSkA7tNiIu6hH3cVmYli4rws4usRomUi9sy-cG4:01F276Q3QR7B7TIV2PUREKYULY3JA3N7VT","2023-09-03T21:14:42Z","","https://tyrellcorporation.sharepoint.com/sites/TestTeamSite/Shared Documents/Forms/DispForm.aspx?ID=24","26 Bytes"
"NTDS","NTDS.dit","b!UZKcPDJOak6rlVu_8sqLHrL37OSkA7tNiIu6hH3cVmYli4rws4usRomUi9sy-cG4:01F276Q3QR7B7TIV2PUREKYULY3JA3N7VT","2023-09-03T21:14:42Z","","https://tyrellcorporation.sharepoint.com/sites/TestTeamSite/Shared Documents/Forms/DispForm.aspx?ID=24","26 Bytes"
"Hashfile","hashes.pot","b!UZKcPDJOak6rlVu_8sqLHrL37OSkA7tNiIu6hH3cVmYli4rws4usRomUi9sy-cG4:01F276Q3V7BRRV2PKH6FE3KNB7OBJRHPYR","2023-09-03T21:14:29Z","privkey here whoami id<ddd/>","https://tyrellcorporation.sharepoint.com/sites/TestTeamSite/Shared Documents/Secret Plans/Test Sensitive Data/hashes.pot","26 Bytes"
"Hashfile","hashes.pot","b!UZKcPDJOak6rlVu_8sqLHrL37OSkA7tNiIu6hH3cVmYli4rws4usRomUi9sy-cG4:01F276Q3V7BRRV2PKH6FE3KNB7OBJRHPYR","2023-09-03T21:14:29Z","privkey here whoami id<ddd/>","https://tyrellcorporation.sharepoint.com/sites/TestTeamSite/Shared Documents/Secret Plans/Test Sensitive Data/hashes.pot","26 Bytes"
"Browser Creds","logins.json","b!UZKcPDJOak6rlVu_8sqLHrL37OSkA7tNiIu6hH3cVmYli4rws4usRomUi9sy-cG4:01F276Q3QGAKGAHYMIYZGZJ7G4UJ5IM4PR","2023-09-03T21:14:33Z","privkey here whoami id<ddd/>","https://tyrellcorporation.sharepoint.com/sites/TestTeamSite/Shared Documents/Secret Plans/Test Sensitive Data/logins.json","26 Bytes"
"Azure App Creds","azure (1).txt","b!UZKcPDJOak6rlVu_8sqLHrL37OSkA7tNiIu6hH3cVmYli4rws4usRomUi9sy-cG4:01F276Q3RTCEED4KMVPVHZ6MZ426EJOGBP","2023-09-03T21:20:22Z","<c0>client</c0>_id: <c0>clientID</c0> goes here <c0>secret</c0>: app <c0>secret</c0> goes here <c0>tenant</c0>: <c0>tenant</c0> id goes here<ddd/>","https://tyrellcorporation.sharepoint.com/sites/TestTeamSite/Shared Documents/Secret Plans/Test Sensitive Data/azure (1).txt","88 Bytes"
"Azure App Creds","azure (1).txt","b!UZKcPDJOak6rlVu_8sqLHrL37OSkA7tNiIu6hH3cVmYli4rws4usRomUi9sy-cG4:01F276Q3RTCEED4KMVPVHZ6MZ426EJOGBP","2023-09-03T21:20:22Z","<c0>client</c0>_id: <c0>clientID</c0> goes here <c0>secret</c0>: app <c0>secret</c0> goes here <c0>tenant</c0>: <c0>tenant</c0> id goes here<ddd/>","https://tyrellcorporation.sharepoint.com/sites/TestTeamSite/Shared Documents/Secret Plans/Test Sensitive Data/azure (1).txt","88 Bytes"
"Azure App Creds","azure.txt","b!UZKcPDJOak6rlVu_8sqLHrL37OSkA7tNiIu6hH3cVmYli4rws4usRomUi9sy-cG4:01F276Q3W4EAICYCUFJ5AYYLTTBWX4S45R","2023-09-03T21:19:32Z","<c0>client</c0>_id: client ID goes here <c0>secret</c0>: app <c0>secret</c0> goes here <c0>tenant</c0>: <c0>tenant</c0> id goes here<ddd/>","https://tyrellcorporation.sharepoint.com/sites/TestTeamSite/Shared Documents/Secret Plans/Test Sensitive Data/azure.txt","89 Bytes"
"Azure App Creds","azure.txt","b!UZKcPDJOak6rlVu_8sqLHrL37OSkA7tNiIu6hH3cVmYli4rws4usRomUi9sy-cG4:01F276Q3W4EAICYCUFJ5AYYLTTBWX4S45R","2023-09-03T21:19:32Z","<c0>client</c0>_id: client ID goes here <c0>secret</c0>: app <c0>secret</c0> goes here <c0>tenant</c0>: <c0>tenant</c0> id goes here<ddd/>","https://tyrellcorporation.sharepoint.com/sites/TestTeamSite/Shared Documents/Secret Plans/Test Sensitive Data/azure.txt","89 Bytes"
